anidbid,mal_id,thetvdb_id
1,290,72025
2,300,70973
3,1225,70973
4,396,72025
5,397,72025
6,1124,72025
8,1224,83584
9,831,80980
10,404,78922
11,821,70900
12,59,72070
13,272,78947
14,165,72720
15,144,79107
16,195,79062
17,71,78914
18,569,71279
19,197,83692
20,175,72435
21,122,82677
22,30,70350
23,1,76885
24,48,79099
25,379,72462
26,153,74125
27,49,78920
29,51,81886
30,156,70865
32,270,71278
33,260,74544
34,120,78900
35,189,70861
36,637,82719
38,556,80790
39,534,77681
40,1251,81789
42,678,72412
43,405,78960
44,2356,94701
45,650,82699
46,800,82024
47,168,78953
48,1057,79445
49,190,70861
50,285,78910
51,191,70861
52,192,70861
53,6,77680
54,403,80654
55,377,73571
56,22,73532
58,1177,79239
59,1952,82119
60,318,72470
61,43,73749
62,1191,81694
63,201,79777
65,564,79714
66,543,79042
67,474,81832
68,1347,73247
69,21,81797
70,306,73616
71,,71279
72,1599,87941
73,44,70863
74,53,79267
75,200,84011
76,635,73703
77,1088,73038
79,1045,72447
80,1046,72447
81,563,80407
82,992,79996
84,135,72905
85,1005,79145
86,419,78933
87,123,71444
88,554,80790
89,555,80790
90,45,70863
91,127,78918
92,154,79857
93,509,72792
94,243,80456
95,535,77681
96,7,78936
97,1444,80443
98,33,73752
99,339,78814
100,105,79566
101,1775,74539
102,232,70668
103,1145,74462
105,208,82319
106,66,79077
107,812,80113
108,383,79289
109,276,79035
111,1080,74924
113,529,79798
114,160,79520
115,816,84957
116,289,80787
117,227,78878
118,1734,115891
119,,103941
120,361,253938
121,991,254020
122,1102,82031
123,866,77681
124,231,153641
125,246,72973
126,183,84538
127,,71634
128,1596,158861
129,263,79685
130,785,210041
131,104,78262
132,136,79076
133,296,79468
134,2781,89791
135,185,70900
136,675,120181
137,206,78777
138,818,94611
139,1944,86921
140,630,79078
141,629,79078
142,718,120081
143,646,72432
144,249,71361
145,186,70900
146,1710,71682
147,1016,79295
148,959,79658
149,870,91911
150,1060,73492
151,1630,120071
153,1087,78923
155,1170,77681
156,1157,78913
157,337,82026
158,,128501
160,1127,81477
161,687,74598
162,2361,70525
163,380,71444
164,381,71444
165,124,71444
166,937,245451
167,373,351514
168,1036,120101
169,207,78777
170,52,78909
171,400,75911
172,1384,70862
173,137,79076
175,682,180111
177,180,71744
178,181,71744
179,369,71742
180,218,71313
181,338,80504
183,2362,302201
184,182,77248
185,949,81073
186,303,79411
187,952,75982
190,1022,81169
191,245,79071
192,593,72393
193,,76932
194,1188,196721
195,401,70863
197,432,82706
198,1233,120031
199,145,72444
201,277,79035
202,32,70350
203,580,80053
204,732,79042
205,539,80009
206,304,78920
207,115,152531
208,117,152531
209,326,82970
210,979,75534
211,1358,79156
213,1228,72445
214,,79446
215,2497,84785
216,1460,81736
217,81,80784
219,5,76885
221,841,93251
222,299,79099
223,1226,82443
224,1163,89771
225,1126,81725
226,446,72922
227,1846,72433
228,253,79050
229,90,79327
230,527,76703
231,223,76666
233,225,79275
234,552,72241
235,530,78500
236,493,81997
237,492,81997
238,3369,232991
239,20,78857
240,782,72726
241,1065,83105
242,382,85068
245,341,79059
246,604,89781
247,467,73749
248,128,78918
249,,349691
250,2097,120201
251,274,72471
252,93,254931
253,888,72719
256,441,79449
258,615,79109
259,652,79289
260,653,79289
262,1462,294395
263,887,72719
264,3437,144801
265,2820,291921
266,235,72454
269,836,117871
270,1048,80211
271,387,79105
272,132,79056
273,452,71361
274,633,72448
276,1560,261527
277,617,72842
278,982,75510
279,1772,82972
280,366,80900
281,212,78232
283,,78923
284,2098,78923
285,1486,79544
287,440,79449
288,1453,71776
289,328,84543
290,799,72900
291,2004,81098
292,2179,81367
293,2204,79457
294,611,212081
296,327,75717
301,1465,83178
302,1457,80669
304,779,72454
305,118,152531
309,,358536
310,1182,77663
311,331,81095
312,392,76665
313,1362,75534
314,,337406
316,458,146611
317,254,79050
320,1430,71863
321,393,77248
322,1169,93941
323,162,79673
325,3006,90331
326,31,70350
327,526,76968
329,2335,185371
330,302,80294
337,538,80583
338,1100,106641
339,1671,106641
340,1618,106641
343,1257,72775
344,573,81694
345,568,76538
346,1352,81931
347,1484,85077
348,679,72412
349,536,77681
350,869,77681
351,233,163791
352,386,138561
353,958,73550
354,142,72832
355,268,72408
356,334,72421
358,1133,79064
359,1006,80009
360,1947,165861
361,1051,73499
362,1822,72848
363,1171,77681
364,1172,77681
366,1548,85146
367,418,76932
368,792,76932
369,219,71313
371,507,80456
372,1542,71750
373,867,77681
374,1156,87481
375,1101,80009
376,1144,80009
377,1293,75113
378,1920,75113
379,1921,75113
380,1922,75113
381,1923,75113
382,1924,75113
383,1925,75113
384,1919,75113
385,999,76695
386,967,79156
387,106,73670
389,445,84540
391,690,70862
392,1181,72446
393,1455,205521
394,1231,81694
395,1096,80789
396,1158,85073
397,906,81472
399,484,80587
400,561,82029
401,424,72442
402,,73312
403,1184,73181
404,1084,84049
405,1007,76932
406,1025,72427
407,606,79476
408,1248,79174
409,696,79620
410,1660,113591
411,459,81797
412,1249,79174
413,321,79447
414,472,81766
415,608,82029
416,58,76664
417,1180,71618
418,796,81095
420,1079,81997
421,1412,71863
422,46,70863
423,1954,71634
424,975,84509
426,2225,82927
427,194,79034
428,1312,131261
429,155,70865
430,359,75111
432,1098,79781
433,55,79268
434,110,85455
436,2291,113231
437,868,77681
438,1372,80054
439,100,72896
440,378,73571
441,1346,393077
442,1397,72347
443,1400,72347
444,980,84620
445,421,79022
446,426,82745
447,298,79099
448,1097,80056
449,202,79060
450,624,83635
451,1496,80612
452,1349,79223
453,287,79237
454,360,79224
455,1517,72493
456,769,73526
457,1043,84749
458,273,82653
459,1161,81432
460,1264,70516
461,1004,305799
462,1112,71744
463,1111,71744
464,1132,380653
465,439,79718
466,2409,72843
467,1456,83406
468,976,84509
470,1276,82569
471,1277,82569
472,833,81024
473,776,107441
474,835,117871
475,1728,134151
476,773,254023
477,708,83021
478,506,179311
479,2521,142991
480,1623,112661
481,1281,82234
482,1179,83295
483,2769,323240
484,1491,100171
485,1301,100171
486,2473,99471
487,2474,99471
488,129,80587
489,1165,84527
491,2460,71776
492,319,81099
493,370,73526
494,2453,256944
496,2273,79327
497,1398,72347
499,2039,269667
501,1262,74309
503,179,73196
504,1186,72796
505,2116,84045
506,2117,84045
507,1674,84045
508,1614,84045
509,2288,72845
510,881,80608
513,371,70668
514,372,70668
515,581,82968
516,721,76045
517,1303,80468
518,266,79046
519,1762,125781
520,1946,84609
521,2044,195161
522,2598,103691
523,2599,103691
524,2561,79033
525,1675,78628
526,375,351514
527,1284,160051
531,2818,335791
532,3312,74600
533,1081,81506
535,1348,73247
536,2010,80054
537,1290,80789
538,1017,72901
539,2036,257858
540,2804,371344
541,2259,167801
542,1848,166871
543,1743,91391
544,1769,91391
545,138,79076
547,1411,120121
548,900,81472
550,1492,72394
553,293,73501
554,1528,182921
555,107,73239
556,116,79241
557,508,70817
558,1573,72844
560,2775,85010
561,1313,72241
562,874,277575
563,2495,97951
564,832,133011
565,1234,72470
566,215,349691
568,909,79853
569,1488,81867
571,238,81011
572,1040,199551
574,362,253938
575,486,79179
576,2454,78923
579,1037,247789
580,758,72720
581,97,72902
582,1024,72922
583,447,72922
584,820,81618
585,3637,427181
586,840,111071
588,2364,72436
589,1155,160061
590,170,72491
591,2933,87191
593,550,113561
594,1668,70799
595,288,70799
596,2302,157211
597,1283,133991
598,259,74544
599,2524,198501
601,2459,71776
602,1162,81432
603,1252,81789
605,2538,401203
606,2484,81437
607,1164,79063
609,1792,75321
610,374,79589
611,1280,84537
612,17,81003
614,3968,401051
615,1962,248461
616,1849,166871
617,1972,73082
618,257,80158
619,6016,79103
621,61,82211
622,660,75002
624,236,75856
625,187,70900
626,88,76547
628,1964,84527
629,3098,248462
630,113,79782
631,822,70900
632,335,84536
633,1751,97781
634,230,79205
635,427,74739
636,521,75872
637,2382,150781
638,250,83421
639,545,164251
640,167,79645
641,292,169991
642,407,230211
644,998,76695
645,1597,99111
648,1650,85230
651,4191,314921
654,647,79882
655,1664,82961
656,1083,82267
661,1645,79888
662,1816,72459
666,2067,71313
672,2723,266828
673,26,74493
675,2014,80054
678,1018,72901
680,684,180111
681,618,72842
683,1553,180581
684,1806,149421
686,1521,72281
688,914,73495
690,605,103571
691,1150,85312
692,271,81380
693,571,81969
694,1733,73571
695,1764,72491
696,1861,72491
697,2498,72491
698,2499,72491
699,582,81608
701,495,72445
703,1416,71863
704,1419,71863
705,1434,71863
706,1159,85073
708,966,79654
709,1708,259842
710,178,73196
711,4266,427184
712,912,180121
714,7048,250577
715,80,76547
716,82,80785
717,84,80783
718,85,71535
719,86,72352
720,87,76547
721,89,71536
724,676,254024
725,1000,100151
726,2203,79765
727,2470,100151
728,2202,79765
729,1090,76547
731,1628,100421
732,1713,80945
733,2738,316641
737,621,82070
738,1174,84932
739,1391,82595
740,1178,350031
741,1502,71283
742,6557,351298
743,3185,351298
745,1136,71654
749,1629,83309
750,553,82830
751,196,72977
752,1039,85661
753,883,76665
755,92,71584
757,1550,82380
759,2725,80009
760,2060,138691
761,1975,234921
762,896,81472
763,897,81472
764,1549,85146
765,1302,100171
766,4439,137121
769,1752,73501
770,2733,393352
771,1380,76664
772,876,75534
773,1797,85070
775,1325,252176
777,1095,80789
778,324,393352
779,1350,112531
781,301,82873
782,838,79061
783,824,112651
784,258,83347
785,2825,83566
786,1151,81965
787,1019,81780
788,666,83950
789,665,83950
801,1189,132461
803,1427,71863
805,2207,252176
806,691,143471
807,971,79252
808,2074,263245
809,347,79227
810,1436,71863
813,2500,209801
815,1417,71863
816,1676,299019
817,2016,120151
818,723,79884
821,1418,71863
822,294,79161
823,1435,71863
824,751,74718
826,1254,72775
828,599,144961
830,1450,90481
831,2731,261758
834,133,80608
835,261,74544
836,610,75077
837,62,84187
840,2465,265301
841,1844,91081
842,2037,74933
843,1021,120331
845,2617,253748
847,2486,85067
848,1185,72796
849,,349691
850,1608,79471
852,1567,167111
853,623,84026
854,103,72878
857,3398,150631
858,3154,73887
863,5832,115121
864,3009,115121
867,1365,72454
868,744,79453
869,367,72878
871,2483,262392
872,8363,79654
878,1351,81062
880,551,79237
881,938,109001
882,4200,72442
884,399,72025
887,788,79711
888,350,82378
889,1837,79193
890,468,73749
891,1533,71459
892,1957,71459
893,460,81797
894,209,82319
895,329,75796
896,147,79108
897,1152,81965
899,929,79465
902,171,199181
903,450,71361
904,,73988
905,901,81472
906,904,81472
908,91,79327
911,810,80076
913,1183,154471
915,96,80398
916,95,71585
917,1175,82379
918,2522,263041
919,498,345629
920,3271,293984
921,1120,76703
922,626,75002
923,2493,83105
925,2231,258267
928,1647,140551
930,1683,257562
931,2011,80054
936,2059,273225
939,808,72445
942,1470,72877
943,970,168421
944,2511,251582
945,286,70978
946,1244,201091
947,4060,111131
949,978,112501
950,2253,83609
951,3898,83609
952,4406,83609
953,1064,82387
954,2734,82387
955,3579,112641
956,5658,83601
957,890,93721
958,176,81115
959,72,78914
960,839,313879
962,1985,79760
963,1108,81785
964,2321,91481
965,3676,223491
966,4211,385008
967,3399,251752
968,9385,251752
970,5250,331727
971,1300,120191
975,3599,166821
976,1439,71863
977,1432,71863
979,121,75579
980,598,72629
981,1768,72629
982,264,79685
983,1357,79156
984,1356,79156
986,1438,71863
987,1420,71863
989,1433,71863
990,528,76703
991,1119,76703
992,1118,76703
993,2013,80054
994,1440,337778
996,1089,73038
997,2183,267054
998,222,79446
1000,1490,82883
1001,279,74957
1002,134,78812
1003,267,78963
1005,1832,112961
1006,1279,78783
1007,8234,320364
1008,8235,342507
1009,2150,85199
1010,5712,85199
1015,169,74522
1016,2331,72219
1018,1153,84915
1020,1117,76703
1024,1415,71863
1025,,79835
1028,1999,84527
1029,1617,208741
1031,3605,342632
1032,1796,72442
1033,1459,81723
1036,1378,171491
1037,2303,157211
1038,2015,85064
1039,2089,107781
1041,1564,76703
1043,894,81472
1044,895,81472
1045,898,81472
1046,899,81472
1050,1055,80304
1052,60,73993
1055,1804,120021
1056,161,74633
1057,193,75003
1058,3101,258124
1059,394,79267
1060,2543,88251
1061,283,84569
1063,,275472
1064,715,120081
1065,1364,72454
1069,902,81472
1070,903,81472
1071,905,81472
1072,311,85301
1073,8542,85301
1074,313,85301
1075,1918,71283
1076,1760,81849
1077,1761,81849
1078,2471,252696
1079,1582,181001
1081,130,80587
1083,3432,227501
1084,882,76665
1085,385,79306
1086,265,79685
1087,56,80642
1090,2609,199571
1091,2451,82971
1092,348,80047
1093,497,81627
1094,579,81147
1099,114,76057
1100,620,120151
1101,2304,157211
1103,1166,84527
1104,1103,80281
1105,2229,157001
1106,2233,314636
1111,1128,81477
1112,865,85536
1118,9613,300946
1119,5760,273042
1122,709,84660
1125,3288,121611
1126,2503,399729
1129,893,76666
1135,454,79099
1137,795,84318
1138,1324,120061
1139,344,81628
1140,1027,102191
1141,502,76666
1142,892,76666
1143,2108,72172
1144,1854,85369
1148,2961,72241
1149,2397,72241
1150,2962,72241
1151,2398,72241
1154,2072,263639
1155,3513,355878
1156,1900,250643
1158,2414,82959
1161,2048,114771
1163,2182,96241
1166,,199571
1167,661,199571
1171,2705,276357
1172,2706,276357
1173,2709,276357
1174,1795,72442
1176,801,73749
1177,4503,89091
1179,1811,278048
1180,1050,79355
1182,557,80790
1189,1938,258463
1192,425,135951
1194,1442,183171
1195,1289,393352
1206,748,83617
1209,1706,80043
1213,2834,216221
1214,1678,72745
1216,,157211
1219,3151,265936
1221,1338,266288
1222,1058,160431
1224,602,258512
1225,5147,80787
1227,3032,277575
1233,1855,266289
1235,1850,166871
1236,2252,94701
1237,1820,396707
1238,1853,258511
1240,2076,79460
1241,2714,414345
1242,1643,398308
1243,589,115431
1246,1831,182411
1247,1232,82586
1249,2071,73670
1251,693,79048
1252,3267,207111
1253,461,81797
1254,462,81797
1257,3969,72217
1258,1823,264526
1259,520,72421
1265,323,75092
1266,514,83628
1268,204,82829
1271,4486,112541
1273,1458,213261
1274,2740,250972
1275,2292,113131
1282,255,79050
1293,2462,316209
1294,2245,82080
1295,1805,149421
1297,158,84025
1298,677,221491
1299,1891,185481
1300,2017,120151
1305,3907,227491
1306,284,81867
1307,3014,81618
1308,3016,81618
1309,3015,81618
1310,3371,268996
1311,3665,268996
1312,54,245451
1314,112,81649
1317,305,111431
1319,295,79161
1320,451,71361
1321,148,81961
1322,1082,81113
1323,3203,167131
1324,592,314921
1326,2090,107781
1327,330,79058
1329,1149,81024
1330,242,81239
1331,1786,260798
1332,636,73703
1333,,80608
1334,3638,128411
1335,1271,79776
1339,10360,247001
1341,2907,270692
1342,927,72776
1344,333,305858
1349,1508,79478
1350,1443,80443
1351,2571,73518
1352,5052,250580
1353,1344,394945
1356,714,248423
1357,1399,72347
1360,842,80015
1364,2084,295364
1365,2085,295364
1366,2086,295364
1367,2087,120121
1370,3670,89101
1371,108,73239
1372,2789,75939
1373,5071,384935
1374,391,81693
1381,1794,72442
1382,763,73315
1383,1663,122151
1384,2452,82971
1385,2688,227471
1386,2689,227471
1387,852,174401
1389,312,85301
1390,314,85301
1391,2278,115371
1392,2041,276844
1393,2277,115371
1411,2716,373748
1412,2293,79103
1413,603,84334
1415,1580,258415
1416,2560,80241
1418,1259,72775
1419,1485,253430
1421,1431,71863
1425,83,80784
1427,139,79076
1428,2569,248254
1429,1246,82075
1430,3736,217361
1431,146,79032
1439,1483,71767
1440,2747,71952
1444,2038,157691
1445,1598,121951
1446,3044,80448
1447,4044,120501
1449,6374,73887
1450,6375,73887
1451,5688,265216
1452,6971,265216
1453,7307,265216
1454,8158,433093
1455,7619,265216
1456,442,78857
1457,2402,81232
1458,2921,81232
1459,5153,115141
1460,1666,307693
1461,1665,334022
1463,3235,227841
1465,2754,180051
1468,3060,262312
1469,2699,158991
1470,2700,158991
1471,2782,206331
1472,1626,141751
1473,1705,141751
1474,985,81472
1475,3033,277575
1476,2528,271770
1477,3448,160641
1478,515,85312
1480,6452,307690
1481,2510,251582
1484,1425,71863
1485,1426,71863
1489,1701,259360
1490,2264,81341
1491,3735,232511
1496,1572,81341
1497,20381,81341
1498,2565,81341
1499,2556,273878
1500,13047,81341
1503,1627,270233
1505,1148,98611
1506,3037,74731
1507,1879,181851
1508,2694,352685
1512,1859,79237
1514,10342,71952
1516,2461,249857
1517,2687,153151
1518,1288,393352
1519,1644,258414
1521,3193,334014
1522,,292662
1523,417,78975
1524,2383,77193
1527,8394,265215
1530,813,81472
1531,1529,175151
1532,964,123691
1534,1495,83403
1535,2516,87111
1536,109,74908
1537,5273,255289
1539,19,74599
1540,174,78974
1542,166,79127
1543,205,79089
1544,226,75941
1545,1880,181851
1548,3486,198751
1551,159,75000
1552,516,75414
1553,1371,98161
1554,98,83020
1555,649,75873
1560,851,176421
1562,4808,150631
1563,1471,72877
1564,1472,72877
1565,1473,72877
1566,1474,72877
1567,1475,72877
1568,1476,72877
1569,1477,72877
1570,1478,72877
1571,1479,72877
1576,4332,174131
1578,3021,153151
1579,1661,81462
1580,6496,258511
1581,3900,131271
1585,2077,79460
1586,1227,256873
1589,3026,259771
1590,5237,259771
1593,,81953
1594,131,80587
1595,,81953
1596,17165,81953
1607,872,78885
1608,2006,113561
1611,1187,80407
1612,1104,80281
1615,3882,276268
1617,3132,204681
1619,332,81095
1623,1381,72025
1625,438,80326
1631,2920,81232
1632,1992,159321
1633,625,261440
1635,518,74504
1637,730,185861
1639,2061,138691
1641,1086,80978
1644,2704,85428
1645,1085,80466
1647,961,82206
1648,102,79235
1649,2399,70817
1650,2553,129721
1651,2624,282708
1652,3481,112641
1653,234,167731
1654,252,75001
1655,3061,99461
1656,1110,75872
1657,2354,94701
1659,2355,94701
1661,163,70827
1662,151,81462
1663,340,80173
1664,1586,125921
1667,713,79101
1669,34249,336452
1670,2686,105441
1672,4208,251746
1674,2337,182391
1675,634,79142
1676,844,83421
1677,251,79879
1681,3800,240711
1682,956,113521
1683,3932,262280
1684,17521,299588
1685,1337,247921
1686,1537,185491
1690,2023,106541
1692,2255,164361
1697,533,84012
1698,2582,90521
1703,2391,157211
1707,3325,351995
1708,786,261468
1709,4532,245671
1714,616,82695
1715,1819,276287
1717,1382,93721
1724,18,70900
1726,63,79236
1727,2234,137331
1729,,113671
1730,2851,180121
1732,2078,96231
1733,783,79225
1734,1069,162281
1735,767,73526
1737,1212,80131
1740,5629,164361
1741,5266,164361
1742,2256,164361
1743,2766,345113
1746,1839,84212
1750,1590,74737
1751,4061,111131
1759,1524,83371
1761,655,79289
1762,275,85065
1763,351,82378
1764,2947,82378
1766,352,82378
1767,353,82378
1768,1376,82378
1769,229,82856
1771,7122,85230
1773,1704,87941
1774,764,84040
1775,1746,73259
1777,2113,84118
1779,7786,83566
1781,4154,161881
1783,240,78919
1784,2906,251752
1786,27693,414408
1787,1445,77777
1788,3571,77777
1790,7578,174401
1791,2948,82378
1793,5343,127221
1795,1026,195281
1796,7956,253278
1799,5129,253583
1801,3935,264300
1802,3595,166821
1803,1798,85070
1804,1121,76703
1805,241,78856
1806,75,81110
1807,930,103791
1808,2760,103791
1809,2761,103791
1810,483,80817
1811,307,139981
1812,2200,223521
1813,3305,83426
1814,1068,146511
1815,2816,251598
1816,5022,161911
1818,2283,256744
1819,2128,251649
1820,2127,249430
1822,2748,84097
1823,2901,111011
1824,3545,111011
1825,2836,81643
1827,2829,83630
1829,2828,83630
1832,2501,227731
1833,3317,263006
1836,2221,184541
1838,2978,89191
1839,2570,250585
1840,1327,79439
1841,951,167131
1842,6149,167131
1848,3053,82370
1849,4509,79033
1850,2316,251332
1854,8194,442146
1858,422,79022
1863,2045,195161
1864,2224,228851
1865,4639,84348
1866,4640,84348
1867,2525,98331
1868,239,79178
1870,2797,262313
1879,1176,176309
1884,1256,72775
1885,9438,394335
1886,1258,72775
1887,1255,72775
1889,1260,72775
1890,3356,254807
1893,3285,282607
1894,3838,282607
1899,3870,347316
1900,4113,364782
1901,6311,323089
1905,3630,253280
1906,3388,251036
1907,2827,131141
1908,7004,131141
1911,4198,83632
1912,10562,261250
1913,2800,79884
1915,2802,79884
1916,6087,295973
1917,1986,183801
1918,8707,183801
1919,2230,85310
1920,4199,251288
1922,4614,251288
1923,3213,250018
1924,2799,129541
1925,2222,75112
1928,3159,270967
1929,5891,265645
1930,3272,250848
1931,3332,342791
1933,3754,153051
1935,3020,283681
1936,3022,227851
1939,4923,344350
1941,1413,71863
1942,1980,248918
1945,566,80786
1947,2934,264028
1948,2079,112331
1949,2814,82736
1950,749,138841
1951,2656,252696
1952,2419,87251
1953,622,199541
1954,891,76666
1955,1375,381914
1956,3072,85230
1957,2420,87251
1958,525,189841
1959,3059,83587
1962,2333,204541
1964,1669,70799
2000,1093,275220
2002,101,79101
2007,2762,174721
2008,2049,234951
2009,2695,80783
2013,3290,381505
2014,1421,71863
2019,3335,257308
2021,5829,133791
2022,1936,81183
2023,2559,151821
2025,444,84025
2033,3602,100171
2034,1995,265533
2036,463,81797
2038,2618,81629
2041,3609,83414
2042,7807,262977
2046,797,80654
2047,4387,83601
2048,3873,251229
2049,17719,254807
2052,1366,72454
2056,1620,166751
2057,2696,82965
2058,2722,82965
2059,3095,368479
2060,2463,362900
2061,481,76894
2064,648,107521
2065,926,71551
2067,2405,241661
2068,2227,241661
2069,924,78830
2070,2903,212471
2071,4031,212471
2072,9773,241661
2074,3909,280933
2077,925,71475
2081,3183,166751
2084,5274,377391
2085,22827,377391
2086,22981,377391
2087,22979,377391
2088,727,99491
2090,3281,250848
2091,2819,157001
2092,7435,157001
2093,7436,157001
2094,7364,157001
2095,7491,157001
2096,2400,74731
2097,2682,79439
2100,2012,258908
2101,8208,258908
2103,6038,101511
2106,3077,283189
2107,3460,251801
2110,501,75141
2113,2062,138691
2114,2063,138691
2115,2064,138691
2116,2065,138691
2117,2066,138691
2118,262,74544
2119,2307,80056
2120,1002,81073
2125,3104,189371
2126,9154,79460
2128,3458,84622
2130,1707,71419
2131,6310,71419
2132,12279,71419
2133,3273,250848
2134,5967,71419
2136,1422,71863
2137,1423,71863
2138,1424,71863
2139,1437,71863
2140,2771,331839
2142,143,82665
2144,1917,81104
2147,546,85064
2149,1394,82595
2150,2679,205511
2151,997,78500
2152,531,78500
2153,1240,78500
2154,3079,251825
2155,5755,251825
2159,1500,79780
2161,244,92391
2162,125,79025
2163,669,84369
2164,2102,79462
2165,24,79194
2166,25,80242
2167,510,199581
2168,627,76013
2169,358,83395
2172,1020,81780
2175,5330,460954
2178,1192,121681
2179,389,79670
2181,1135,84932
2182,173,81052
2183,1250,79526
2186,94,254931
2187,1967,71535
2188,346,134461
2189,793,79283
2193,2801,79884
2204,6872,265215
2205,7290,265215
2208,5098,418709
2221,4385,112641
2223,4386,112641
2224,5620,79760
2228,5515,183801
2229,3067,85230
2231,6653,100171
2237,5131,138421
2239,3069,85230
2242,7336,172421
2249,619,79464
2250,4411,136061
2257,766,81105
2266,547,85064
2269,7666,75112
2273,8546,75112
2275,7667,75112
2277,3180,95671
2282,6028,75112
2283,3274,250848
2285,3275,250848
2286,8547,75112
2287,3276,250848
2288,3199,258999
2289,3425,374678
2290,2548,84523
2291,2558,84523
2292,2913,250602
2293,2557,254954
2294,1638,106121
2296,2555,172161
2297,2554,133811
2298,2547,83483
2299,3162,187481
2300,2546,85180
2301,2573,250828
2302,2544,129571
2303,2577,80944
2304,2549,129741
2305,3277,250848
2306,2576,212211
2308,3278,250848
2309,4615,263488
2311,4773,269072
2312,9376,269072
2313,3279,250848
2314,7779,418709
2318,10203,280933
2320,57,75838
2321,449,71361
2322,3012,250577
2323,19271,250577
2324,1504,73038
2326,297,79132
2327,3182,208741
2328,1367,72454
2330,1657,215701
2331,3461,162971
2332,2040,292085
2333,2726,172881
2334,2099,72493
2336,986,81472
2337,2118,84045
2339,2727,84535
2340,1883,163351
2342,3054,249263
2346,4690,172421
2349,4536,213281
2350,4574,251747
2352,2257,171771
2355,9972,171771
2356,2258,171771
2357,2254,187081
2358,5303,187081
2359,430,75579
2361,2987,254903
2369,269,74796
2371,1122,76703
2372,119,80083
2380,815,73532
2382,1261,77089
2383,4515,88851
2386,64,75411
2387,455,79136
2389,2213,81092
2390,2123,72241
2391,8,75205
2392,69,80543
2395,7329,70817
2396,7330,70817
2397,8108,70817
2398,8109,70817
2400,,78916
2404,685,81766
2405,1429,71863
2407,562,84527
2410,1377,83403
2418,428,74739
2423,2885,85268
2425,281,79108
2426,3488,89741
2427,4723,265556
2429,28,76014
2430,76,81115
2432,2741,250972
2435,74,84392
2436,67,78881
2438,1395,82595
2440,8839,71535
2441,15,79183
2442,1167,79459
2443,519,82635
2445,864,254931
2448,2390,71014
2456,1268,83584
2459,3505,335070
2461,1396,82595
2462,1393,82595
2463,1392,82595
2464,9759,82595
2467,5763,92171
2468,5372,79465
2478,343,78971
2481,688,79454
2482,3024,250920
2488,2600,103691
2489,2601,103691
2494,3190,72629
2498,1803,72442
2504,3008,160621
2508,1146,80009
2509,540,80009
2510,541,80009
2511,935,79473
2512,613,75940
2528,3031,380653
2533,50,78920
2535,29,79712
2536,1532,93261
2538,532,78500
2539,740,78500
2540,1239,78500
2542,996,78500
2543,3005,72412
2544,,72281
2546,3915,363417
2547,6889,405844
2549,8011,405890
2551,5475,405892
2555,3660,227811
2556,2491,83105
2557,2492,83105
2558,2938,253017
2575,921,79109
2576,1493,72394
2579,23,82028
2580,247,79882
2581,1904,79882
2583,2457,83763
2599,336,85066
2600,747,136251
2602,354,80607
2604,363,253938
2605,157,75869
2606,4485,416177
2607,4936,164741
2608,23647,164741
2611,278,75797
2615,4929,227741
2621,412,79043
2624,1736,70978
2629,2997,98161
2630,2718,261562
2631,7626,261562
2634,5075,234941
2635,2243,197971
2636,3726,197971
2638,2100,72493
2641,1059,74582
2642,2693,120051
2643,984,81472
2644,464,81797
2645,780,72454
2646,781,72454
2647,1363,72454
2650,614,123611
2651,1379,79179
2654,2151,90821
2656,1292,79755
2659,477,79839
2661,1652,85230
2662,1651,85230
2663,1955,248353
2664,2109,72172
2672,1373,81094
2673,398,72025
2679,487,78856
2684,3023,258052
2687,1851,166871
2690,1577,80054
2691,2648,252696
2692,2651,252696
2694,600,182691
2695,345,83303
2696,198,78972
2700,609,79798
2701,,81115
2702,9883,314449
2703,3361,127151
2704,2052,397207
2706,2579,80357
2707,3761,74972
2710,73,78914
2711,2536,120041
2714,1105,139371
2717,2393,252696
2724,184,79115
2725,1899,83245
2728,2487,250590
2729,3125,85308
2731,2289,72845
2733,177,76023
2735,3734,179311
2736,466,81797
2737,2815,82737
2738,2612,131361
2739,3810,251299
2742,141,80819
2743,325,78883
2744,2572,85318
2745,342,78884
2761,1894,76894
2762,3036,173601
2763,1505,72454
2764,1930,84334
2765,1929,84334
2766,482,76113
2768,2008,143471
2773,2475,354231
2775,1514,81477
2776,911,83421
2781,349,136431
2784,448,78974
2786,2228,134961
2787,488,81007
2788,1053,395530
2798,1981,87031
2806,928,79081
2807,2308,80056
2808,406,156221
2810,27,78967
2811,3071,85230
2812,3964,71585
2813,3963,71585
2814,711,85230
2815,149,79031
2816,4050,330899
2820,357,79549
2822,364,173111
2823,3877,268775
2824,485,79593
2825,4667,75939
2826,237,79360
2827,1196,83807
2828,754,167781
2829,505,259589
2830,478,79886
2831,668,97091
2832,291,84187
2833,2523,101151
2835,16,79044
2836,750,106511
2837,308,79592
2838,3724,150771
2839,411,79135
2840,309,189011
2841,,167921
2843,667,80984
2844,79,82213
2848,1526,76703
2850,1010,76932
2852,3081,83348
2853,3626,79327
2854,1052,129751
2855,738,80830
2858,152,79282
2859,607,163721
2860,402,163721
2862,503,201561
2863,3010,250582
2867,25591,129751
2871,2813,80686
2878,2998,98161
2881,988,301328
2887,2051,79467
2888,6331,138691
2889,2068,83259
2891,2466,138691
2894,2729,70865
2896,423,79022
2901,4252,261502
2905,3421,79544
2907,960,79658
2908,1469,72858
2909,2180,254828
2910,1685,261667
2911,3669,261667
2912,2111,75097
2919,6718,85230
2920,1966,250974
2921,479,76031
2926,282,80596
2964,456,83536
2966,2489,262210
2968,2692,178281
2969,2260,120111
2972,3508,82561
2977,1099,72412
2978,5289,156481
2980,2050,251636
2984,126,79026
2989,2280,71160
2990,2835,342882
2993,2330,80906
2994,1974,179321
2995,1008,76932
2996,1011,76932
3030,936,78857
3038,1773,79156
3040,3027,79156
3041,4312,79156
3047,729,251005
3049,3315,250586
3050,5476,85302
3057,3835,251722
3058,4928,294871
3059,1540,83105
3060,2305,157211
3061,1539,83105
3067,248,80759
3068,706,80787
3069,3157,112651
3070,712,80820
3075,3131,160011
3077,3874,250062
3081,2882,80604
3082,3936,80604
3087,4073,256831
3091,5091,256835
3092,11829,259417
3106,8364,79654
3107,8365,79654
3112,2181,81965
3113,2650,252696
3114,3727,252696
3115,4244,251595
3116,4242,251594
3117,4240,251593
3119,10055,72281
3120,1501,74739
3121,760,78974
3123,1737,160981
3124,4183,213231
3127,3952,76695
3142,28983,5411
3145,322,79233
3151,10224,213411
3152,4416,93721
3153,5396,335070
3162,8753,438919
3164,3600,171491
3168,591,80075
3169,65,75411
3170,612,84841
3173,2534,120041
3174,2535,120041
3176,1035,324325
3181,5225,71863
3182,4853,147231
3184,2282,260116
3185,1374,79104
3186,150,78960
3195,489,79881
3200,2999,98161
3203,390,79111
3207,1221,79472
3209,16345,180121
3214,469,79192
3215,694,103941
3216,99,78986
3219,3035,258907
3291,228,79106
3296,777,263688
3297,5132,265632
3298,490,80818
3299,1218,81735
3301,1193,107431
3302,790,79228
3303,1138,76906
3305,3836,78614
3308,3991,78885
3311,1314,244421
3314,2649,252696
3315,2664,252696
3316,3744,79654
3317,807,76023
3319,4314,138841
3320,1642,176001
3321,68,78987
3323,560,81110
3324,1873,93441
3325,3691,378378
3326,3155,99491
3327,10199,345113
3328,8949,70817
3329,8965,70817
3330,8966,70817
3331,2455,79049
3333,3518,262314
3340,473,81228
3341,6792,157211
3342,9098,157211
3343,1939,157211
3344,9087,157211
3348,356,79151
3352,2083,261465
3353,12715,72848
3360,470,82551
3366,3858,355649
3369,2575,175991
3374,8442,81432
3377,1265,70516
3379,1266,70516
3380,1267,70516
3381,511,160431
3386,2205,74908
3389,588,120091
3390,1369,72454
3392,1211,81832
3393,2284,77087
3394,1544,85415
3395,889,79604
3396,2281,250606
3399,2120,84045
3408,355,78962
3413,5834,293065
3414,670,82055
3419,2363,72975
3420,1414,71863
3423,558,76013
3424,3136,85007
3427,856,79880
3428,471,81768
3431,2449,73749
3433,457,79214
3440,77,81115
3444,860,80206
3445,1682,100561
3446,658,81935
3449,915,83126
3450,,80391
3453,8123,369400
3460,3546,111011
3461,3547,111011
3463,388,79139
3464,1205,85381
3465,858,79047
3468,918,79895
3484,4514,83629
3485,3827,262315
3486,3196,83811
3490,9646,273151
3491,4874,76703
3492,10916,76703
3493,10917,76703
3498,3075,215331
3499,916,79774
3500,476,80051
3506,1983,81092
3507,1448,147921
3510,5845,76703
3511,4962,77586
3512,584,79129
3513,2389,73887
3516,1139,70476
3522,817,80823
3529,111,72280
3541,2322,91481
3542,3868,80504
3544,,113671
3545,,113671
3548,4286,312723
3555,3313,219541
3560,2119,84045
3561,2121,84045
3562,280,307695
3563,4663,248361
3564,825,79143
3566,1931,84334
3569,2407,75414
3570,2313,85199
3572,789,82490
3573,587,82065
3574,934,79682
3580,4578,210061
3584,2707,128411
3585,1672,72904
3586,1673,72904
3591,2512,72454
3596,2513,72454
3597,2514,72454
3598,2515,72454
3601,2578,85319
3603,5927,379387
3605,2574,123001
3608,9795,90331
3611,5251,250973
3621,2110,72172
3626,1199,286895
3631,3451,445336
3633,5246,195161
3634,2080,157691
3636,3837,227501
3637,4807,227501
3639,2334,204541
3640,2710,286895
3642,19995,88131
3643,517,79194
3645,1552,251005
3647,3811,200971
3648,1926,106511
3651,849,79414
3652,2542,84532
3653,6012,393958
3654,586,79202
3655,1640,109301
3656,710,80438
3658,950,75534
3659,4933,243231
3660,1466,252853
3663,8373,73518
3664,2568,251915
3665,5600,90921
3667,3807,268627
3669,2826,71857
3684,2244,311739
3703,1123,75205
3704,1845,100161
3705,1253,72775
3706,811,84049
3947,20175,329173
3948,3114,392061
3953,913,159821
3954,4591,252036
3960,1070,199561
3969,1968,71535
3972,2122,84045
3975,1585,238691
3978,2730,162041
3983,6877,76703
3985,577,79206
3991,1748,120131
3994,3509,251941
3995,3511,251941
3996,3112,265533
3998,2586,90521
4003,1569,79840
4009,6067,330514
4010,11959,330514
4011,5953,74504
4012,2272,74504
4013,3462,74504
4014,6492,74504
4015,8550,75112
4016,1670,70799
4021,1067,81105
4022,940,81100
4023,671,207381
4031,2697,314122
4032,861,79283
4033,4371,160981
4040,3418,227901
4043,2823,80397
4044,2824,120231
4046,969,76023
4049,919,85971
4056,3391,356233
4057,5968,71419
4058,1906,79882
4067,863,81426
4068,965,83464
4072,3086,81235
4073,1740,258987
4074,576,82313
4085,1655,122291
4088,944,79794
4095,1969,71535
4097,465,81797
4098,1959,232181
4100,1745,232181
4106,15937,72858
4112,590,84890
4113,798,80050
4116,1881,178531
4117,1534,241301
4120,771,85066
4121,1210,79415
4122,6735,100171
4123,429,74739
4125,1858,81837
4131,17469,330899
4138,1729,84025
4139,1071,253938
4141,981,80759
4143,877,80742
4144,941,82721
4145,886,80075
4146,1195,79719
4147,990,80059
4148,853,79713
4149,933,80082
4150,957,80979
4153,880,78920
4156,1202,79466
4165,,254931
4166,1091,76547
4167,1092,76547
4168,,254931
4169,,254931
4170,1241,254931
4172,942,80445
4176,910,79671
4177,1865,82179
4178,878,79797
4181,5930,421777
4185,943,85153
4187,1506,72454
4195,1916,81104
4196,857,79796
4197,1578,149911
4199,2201,76703
4201,5070,156481
4202,6511,73925
4208,1333,259392
4210,3205,345723
4214,1557,79588
4218,1892,185481
4220,16259,363846
4222,846,79194
4223,855,81852
4224,854,113571
4225,2785,301659
4226,953,79931
4230,6733,100171
4231,1778,254779
4232,9043,259842
4237,1516,103071
4238,907,84028
4239,879,79754
4240,1884,185501
4241,837,82311
4242,2619,186311
4243,962,79839
4244,995,73532
4247,3772,78722
4260,6261,259219
4261,3438,115841
4264,845,79483
4265,973,79456
4267,2009,143471
4278,1886,259589
4282,6448,204401
4283,859,339733
4288,16251,181001
4290,2448,73749
4296,1739,188041
4308,1703,81422
4309,2963,81463
4315,6734,100171
4319,3659,128411
4324,873,79099
4325,2129,81144
4326,850,85458
4327,1194,79652
4333,4114,262210
4334,4823,120501
4335,1600,84008
4336,1885,248609
4339,1554,80046
4345,2164,81037
4349,2024,255275
4350,1219,80048
4362,2786,251458
4366,1215,254931
4367,1838,207081
4372,3568,251546
4374,1247,82079
4375,1648,81477
4377,2214,81093
4381,1738,82628
4383,1480,81428
4384,1555,81367
4385,1724,202291
4388,1815,78962
4392,1454,79410
4396,1013,79470
4397,1857,101931
4402,1723,80644
4403,1827,80044
4404,1530,79911
4406,968,159821
4411,1556,80768
4413,5986,435143
4414,1566,73749
4415,1771,82028
4416,1498,79412
4419,1584,79022
4420,1198,120211
4421,2144,78857
4422,1142,79044
4428,9792,345113
4441,1222,81730
4442,2967,84368
4444,3004,247789
4457,,254931
4458,2713,72172
4466,,254931
4472,1243,79484
4473,1538,81221
4474,1509,200811
4476,1299,79474
4486,1897,193911
4487,2028,193911
4489,1230,79382
4492,1214,80078
4504,1368,72454
4509,1579,159551
4510,1619,305488
4512,4298,251162
4513,1591,84369
4515,1686,74796
4516,1536,79524
4521,1575,79525
4522,1601,79975
4526,,81073
4527,1911,81073
4528,1568,82700
4529,1588,84016
4530,1862,82484
4531,1543,110071
4539,1712,215301
4548,1731,80328
4549,1482,79635
4553,5844,76703
4555,1592,79990
4556,1602,81109
4557,1842,76013
4558,2518,83807
4559,1888,81007
4563,1535,79481
4564,1571,79527
4565,1546,305488
4567,1609,78986
4568,1689,82945
4570,1576,79540
4571,1587,79543
4572,1988,79671
4574,1606,80921
4575,2001,80096
4576,,76932
4583,1810,112781
4584,1561,154101
4585,1581,82720
4594,1570,130391
4595,1826,83292
4596,1559,80000
4597,1519,79604
4598,1692,189741
4600,2170,79886
4601,1812,84117
4602,2046,195161
4619,1882,178531
4622,2450,79654
4624,8358,79654
4625,3745,79654
4626,6217,79654
4627,8366,79654
4634,4851,71863
4635,8687,281405
4636,,393182
4637,1583,80814
4638,1594,79106
4657,8765,355772
4659,8503,271794
4673,2677,252696
4674,2665,252696
4675,2613,80294
4676,2614,80294
4677,12951,370925
4681,1589,81091
4688,1915,81115
4691,1698,80005
4692,2717,82883
4694,4052,76906
4695,13201,72858
4696,2287,80623
4703,8359,79654
4704,6460,79654
4705,8360,79654
4706,8361,79654
4707,8362,79654
4708,1747,79878
4710,23351,456129
4722,,157211
4728,1565,76703
4729,2035,83303
4731,1868,109681
4734,1562,181491
4741,4540,76547
4742,29235,164741
4743,1852,82154
4744,,170651
4747,1604,80975
4750,1541,85192
4753,1864,149911
4755,8643,452956
4757,2392,252696
4758,,254931
4759,1836,83880
4761,1603,81111
4763,3576,85329
4765,2660,252696
4771,2606,339733
4772,1719,75411
4773,1694,81651
4776,1726,80224
4777,1887,80177
4778,1725,199591
4781,1695,167841
4782,1813,78919
4783,1607,81415
4785,1856,79108
4787,4013,250843
4791,1835,181701
4792,1727,90341
4797,1718,99781
4798,4443,261667
4799,1860,80014
4802,1942,90741
4805,10313,262312
4806,1720,81768
4808,1693,80568
4812,1732,305488
4818,2408,75414
4821,2104,80236
4828,2238,136251
4829,1991,81102
4832,1699,80080
4833,2032,81983
4835,1722,82076
4837,4316,138841
4841,1913,79071
4842,2585,90521
4844,4124,241301
4845,3619,258961
4847,2759,70350
4851,2107,81797
4852,2163,80900
4853,1721,83405
4860,1696,80004
4861,1690,80111
4862,2922,81232
4870,1956,80158
4871,2143,80587
4880,1735,79824
4884,1688,84027
4887,,209611
4888,,209611
4889,,209611
4890,,209611
4891,1691,80449
4892,1818,79995
4893,1808,183961
4894,1889,79682
4895,1878,167811
4897,2251,80421
4900,1941,80003
4901,1932,250317
4902,2153,247789
4905,,254931
4906,2025,80042
4909,2215,80278
4910,2172,79654
4915,1840,79719
4917,2026,80554
4918,3603,83950
4919,2744,80812
4923,2159,81108
4925,2161,80386
4927,3294,262007
4928,6636,357270
4931,2106,80232
4932,,82099
4936,10005,105441
4937,2171,72454
4938,2132,81100
4939,2175,79179
4940,2130,81877
4966,2030,81096
4967,2654,252696
4968,2162,80081
4971,2105,83022
4973,4476,80587
4974,2169,92701
4976,2168,84527
4979,17131,256944
4998,2173,330899
4999,3349,121381
5016,8855,257506
5019,1965,80452
5020,2929,80003
5022,2157,85006
5023,2564,80320
5024,1914,80979
5025,2002,79999
5029,2403,80811
5039,2158,80241
5042,2152,81107
5044,2142,80147
5046,2675,252696
5047,2670,252696
5048,2847,76703
5049,2165,265216
5050,3854,82883
5052,2931,81631
5053,2034,80901
5060,1336,79103
5068,1807,93491
5069,2155,84464
5071,2166,80321
5072,2112,82831
5079,10815,127151
5080,2969,245451
5081,11307,81153
5083,2605,80327
5084,2031,80237
5085,2176,72471
5086,3222,72471
5087,3223,72471
5088,2608,81658
5089,2131,79549
5098,2156,82832
5101,2167,80644
5104,2174,79156
5108,2216,109061
5109,4126,195161
5112,2795,81072
5113,2246,80470
5114,4129,195161
5115,2563,79839
5116,2404,80330
5117,2476,80478
5119,3519,85227
5125,2583,90521
5126,2584,90521
5127,2596,80733
5131,3256,90521
5132,3167,84709
5133,4597,155161
5134,2752,73532
5145,2787,78962
5146,2620,186311
5147,2602,82168
5165,6056,155911
5172,5833,269893
5178,2472,79824
5182,3323,337406
5185,2367,82841
5186,2942,81375
5188,2494,82167
5189,2369,80677
5195,8130,70473
5197,2552,248442
5209,2267,79975
5210,2508,78919
5211,2832,84893
5212,2603,80380
5222,3624,79158
5223,2562,81145
5224,2684,80503
5232,,292662
5234,3000,80054
5235,3229,81479
5238,3834,146491
5246,2683,80014
5248,9881,250856
5249,,170651
5252,2581,80675
5257,6609,81774
5265,5151,432609
5269,2604,81428
5273,2993,81184
5274,2924,80904
5275,3011,112491
5276,2927,81624
5277,3616,82086
5278,3085,81782
5279,5276,244931
5280,2923,81427
5285,6397,261309
5298,3931,70900
5301,2685,76023
5305,3001,80808
5314,2772,80927
5316,3226,76013
5335,5118,85438
5351,3417,98121
5352,2889,74796
5356,2986,80673
5357,2970,80676
5367,3019,71863
5373,2904,79525
5375,3641,120141
5376,8443,157691
5383,2964,80809
5390,6032,79886
5391,2928,79099
5406,2966,81178
5411,5267,329173
5414,2965,145011
5415,3572,81086
5416,2985,81829
5418,3231,78812
5419,2595,84187
5424,3297,79839
5426,3090,78920
5427,3002,81234
5429,3088,123661
5431,3268,78986
5432,2673,252696
5433,9768,407202
5434,3153,73887
5435,2926,81484
5444,2597,72454
5446,3166,82847
5447,3430,80304
5454,3227,79882
5457,2971,79879
5458,3390,91021
5459,3269,79099
5470,3318,79108
5503,3230,81744
5508,3299,81732
5509,9348,167131
5510,3225,81463
5517,15875,293065
5522,3295,250266
5523,5314,77586
5524,3493,181701
5525,10526,261667
5530,3342,81365
5531,3407,82116
5532,3092,84230
5533,3298,85611
5534,3359,81808
5535,3358,81810
5536,3328,80478
5537,4444,261667
5538,3363,81907
5544,3366,81490
5546,4062,227871
5547,3389,81846
5548,1960,167921
5549,3420,81807
5551,4389,270183
5552,3424,250806
5555,3245,79460
5557,3322,82803
5558,3613,81999
5559,3501,81983
5569,3549,81809
5570,3091,79283
5571,3604,82154
5572,3051,250317
5574,4535,87991
5575,3503,81830
5576,3228,80327
5578,3464,83360
5580,3577,81908
5581,3467,82688
5583,3805,250088
5584,3470,81752
5585,3656,82509
5586,3457,81816
5587,3702,82855
5592,4166,81768
5596,3594,88101
5610,3588,81751
5612,4617,184271
5614,3710,81701
5623,3615,84138
5625,3455,81831
5629,3653,84261
5630,3655,81811
5631,3614,83766
5634,3652,79682
5635,3712,79719
5652,3627,84187
5655,3668,82885
5656,3654,83940
5658,3859,81984
5670,3515,72775
5671,3673,82084
5673,3701,81991
5674,4038,84139
5676,3375,207121
5678,3731,82735
5679,4151,82498
5685,3759,80478
5691,3848,81797
5694,3750,84025
5698,4320,71863
5709,5725,85329
5714,7308,80294
5720,3958,83318
5722,3974,82884
5723,3840,82223
5739,3972,84911
5745,4015,79194
5746,4039,81849
5747,3723,267881
5749,4196,80158
5750,4053,73532
5751,4033,249865
5754,4383,273154
5755,7601,227501
5772,4026,76703
5773,4051,227751
5774,4056,83807
5779,4087,83475
5783,4107,80096
5786,4063,82807
5787,4081,82788
5793,3116,249820
5795,9403,227501
5800,4136,83369
5801,3841,81844
5802,4549,85094
5812,16163,167921
5815,4080,79879
5816,2916,333830
5818,4028,77681
5830,4483,82653
5839,5029,76013
5841,4181,80644
5842,4177,82834
5843,3535,83479
5850,3713,79106
5855,4189,121371
5858,8367,79654
5868,4188,305488
5869,4197,80147
5870,4209,80320
5873,4214,81184
5876,4961,72350
5880,4246,79360
5894,4646,137151
5901,4331,250155
5903,3927,80675
5904,4362,97621
5905,10527,261667
5906,3130,184211
5909,4224,83277
5910,4550,83317
5911,4186,84677
5914,4437,79824
5917,,137951
5920,4415,82683
5921,4264,90511
5922,4262,83314
5931,,423173
5932,4472,80177
5934,4447,72454
5941,4477,80005
5943,5689,361695
5949,4232,81104
5954,4551,83586
5956,5290,75414
5970,3667,82484
5971,4021,83013
5972,10751,115141
5973,2808,71682
5974,16590,227501
5975,4654,83322
5976,4548,83588
5978,35538,128411
5986,3962,85961
5988,4662,84138
5997,6965,128411
6005,4066,83364
6013,5028,76013
6014,4789,80904
6017,4752,81816
6018,4726,81744
6020,6523,139251
6025,4744,83315
6026,4720,84553
6031,4872,80327
6032,4981,83316
6036,4581,83363
6037,6795,82561
6040,4884,83335
6041,4835,74796
6044,3574,134401
6045,5020,87961
6046,5494,88041
6047,4879,83474
6048,4898,83996
6049,5005,93281
6051,4896,101981
6054,4903,82311
6055,5027,98661
6057,27721,316641
6059,23829,460289
6063,4970,79755
6065,5019,71863
6073,4814,84230
6075,4985,81115
6078,21967,167921
6079,21951,167921
6080,4719,87491
6082,4705,80096
6083,5042,84768
6087,5030,84591
6088,4975,83358
6091,4195,80811
6095,5710,75414
6098,5039,83408
6102,20353,456511
6103,4722,83653
6105,5291,79156
6107,5114,85249
6110,4999,84573
6111,5304,103711
6113,4725,83359
6120,5074,82884
6122,4672,73749
6126,4163,80236
6127,5152,81472
6128,4765,78812
6129,5228,70900
6130,5155,89741
6139,5040,84616
6141,5493,76932
6143,5231,146401
6144,5262,81427
6153,5258,79685
6156,5538,112521
6169,5341,81178
6171,3784,70350
6172,4908,250886
6176,5307,84572
6179,5233,77681
6181,16486,293065
6182,5112,84654
6184,4130,162261
6185,5300,82788
6187,5420,88911
6191,4938,76023
6192,4918,79283
6199,5252,81797
6211,5079,84561
6212,4811,81007
6219,5162,81463
6224,5504,90341
6226,4657,88141
6227,5034,83363
6234,5060,88161
6235,4618,84576
6236,5505,84571
6238,5630,88721
6239,5525,88651
6240,6198,72454
6242,9785,72454
6243,9786,72454
6244,5507,87851
6245,5460,72454
6246,5671,87841
6255,5675,87621
6256,5682,87931
6257,5680,87501
6258,5678,117671
6262,9874,260851
6263,5702,84932
6267,5220,87871
6271,9213,153881
6273,9880,258052
6275,5356,102591
6280,5684,200791
6283,5369,75534
6284,5355,87881
6285,3593,79880
6286,4804,81768
6288,5530,87861
6296,5734,88891
6303,5784,261316
6304,5781,104741
6311,5717,159551
6313,5216,84187
6315,5141,102541
6316,6178,76703
6321,6798,343578
6322,5177,105361
6323,5150,89311
6324,5883,143021
6325,4565,80096
6327,5081,102261
6329,5835,88661
6331,5041,88881
6332,5454,102481
6335,5945,102491
6340,5597,88391
6348,7294,345113
6355,6148,255848
6367,,79414
6374,5342,87981
6376,5854,79658
6377,5957,95361
6382,5096,252696
6383,6930,252696
6384,5984,88481
6389,5521,80554
6391,6116,256347
6392,5031,137151
6393,6713,76932
6394,5583,72459
6397,5485,88151
6398,6098,106071
6399,6033,88031
6400,6112,83314
6401,6131,259857
6402,6129,102041
6408,5226,90641
6413,4192,80554
6424,5941,87901
6426,5962,387655
6427,6169,84932
6428,6512,115971
6432,6115,72454
6433,5753,250317
6434,6130,199111
6436,5593,97381
6438,6201,105131
6440,9770,208631
6441,6211,103321
6442,5751,73532
6443,6164,102011
6452,6024,81844
6453,4703,250317
6460,6213,114921
6462,6203,117711
6463,5667,81831
6465,6007,81178
6466,6045,117801
6467,6030,102471
6470,,72775
6479,5983,102971
6481,5973,103291
6489,6050,305488
6494,5032,137151
6503,6325,79824
6504,6392,91431
6509,6377,80327
6517,6336,403849
6526,6443,80900
6531,5914,107301
6536,6693,250266
6537,4155,81797
6540,6714,81472
6546,5940,117081
6550,8368,79654
6556,5909,116001
6562,24603,85319
6564,6547,150471
6571,6324,133821
6574,5670,108401
6582,2655,252696
6583,7045,252696
6584,2678,252696
6585,2674,252696
6586,2676,252696
6587,2659,252696
6588,2661,252696
6590,2662,252696
6591,2666,252696
6592,2658,252696
6593,2657,252696
6594,2669,252696
6595,2672,252696
6596,2667,252696
6597,2671,252696
6599,2668,252696
6609,6548,80096
6613,6594,132941
6619,,270265
6623,7816,75112
6624,7157,75112
6626,8548,75112
6627,7158,75112
6636,6372,88721
6637,6637,88721
6644,6573,80042
6645,4901,79604
6646,6574,134581
6650,6438,72454
6652,6909,81341
6653,6633,87491
6654,5713,81463
6655,5310,81086
6658,5958,118101
6662,6702,114801
6664,5136,79474
6669,6800,71475
6671,6746,133341
6672,6712,88391
6677,6774,121391
6679,6758,116941
6680,7144,85230
6685,6205,115991
6714,3280,250848
6716,6811,71361
6717,6890,186071
6719,6988,252696
6720,6527,200791
6721,6023,82688
6722,7536,90521
6747,6347,132961
6748,6867,125441
6751,6682,117851
6757,6572,78962
6763,6927,88721
6769,6676,87981
6771,6947,263330
6772,6444,112521
6773,6747,128171
6777,6582,93281
6779,,80005
6780,6956,145211
6782,6987,467259
6783,6802,132771
6784,6922,79151
6785,6980,125561
6787,6791,81830
6788,7152,212551
6789,4419,273154
6790,4418,273154
6791,,227861
6792,7550,76703
6793,5277,82807
6794,7103,128541
6796,5526,76703
6797,4792,76703
6798,4793,76703
6799,4794,76703
6800,4795,76703
6801,5529,76703
6802,4910,76703
6803,8709,76703
6804,6555,76703
6808,4927,295975
6814,5306,80328
6816,6500,134181
6818,7058,148121
6819,7066,79035
6820,7059,162711
6947,7082,81427
6959,6408,210291
6966,6586,119141
6968,7088,140071
6969,7176,139361
6970,6165,84553
6971,18063,115121
7008,7054,148151
7009,7148,131471
7013,6380,82884
7015,5774,282514
7019,5690,80005
7036,6951,76894
7039,7285,100171
7049,2631,75141
7056,7193,119781
7059,16458,129741
7061,,73925
7072,33358,157691
7075,2831,83630
7079,6899,98661
7084,7876,71857
7086,7254,79882
7089,33232,81867
7091,10820,251582
7092,6063,250155
7103,,179791
7109,1709,76703
7113,6958,83317
7117,1525,76703
7120,6379,82311
7124,6645,133331
7126,4596,79525
7127,6768,79525
7128,7062,82154
7132,6287,84654
7134,7079,133451
7137,24679,129721
7141,16460,129741
7152,23739,106121
7163,8145,265216
7168,9526,355685
7177,7472,79895
7178,6864,79283
7183,,80675
7184,,80675
7185,7279,129811
7189,7651,119781
7191,,393182
7201,23855,256944
7206,7559,79151
7208,4106,77680
7214,7044,80327
7215,7593,84768
7219,7580,80158
7221,7311,79414
7224,7627,173211
7227,6941,247231
7228,7367,78857
7229,7590,145231
7230,7591,168561
7232,6231,72454
7233,7662,193841
7234,7661,139631
7236,7655,76013
7238,7647,143271
7240,7705,219151
7242,7761,83807
7243,7785,140751
7245,8132,156411
7246,8134,75414
7247,7723,163891
7248,7588,156821
7249,7465,84709
7250,6467,72454
7251,7674,193811
7252,5348,72454
7254,8369,79654
7257,7695,76703
7261,6946,202751
7268,7724,172941
7271,2840,78777
7274,7793,82028
7275,7762,247911
7276,7770,256891
7277,8057,83314
7278,6973,140741
7279,8017,90521
7280,6979,173261
7285,7645,140711
7286,7817,150461
7287,8141,355649
7288,8097,72454
7290,8133,140711
7291,7720,81108
7294,7669,210291
7295,7897,91431
7296,,79047
7297,,79047
7298,,79047
7300,1014,80980
7304,8098,81110
7307,7791,87501
7315,8086,171741
7316,7596,214891
7318,7597,265194
7321,8026,75534
7322,6567,75113
7323,4886,71361
7337,12359,77344
7348,,190591
7356,8146,265216
7357,8156,265216
7358,8157,265216
7369,6707,83996
7373,8078,81810
7381,7769,172781
7382,8074,171591
7384,6918,220141
7387,6246,72281
7388,8972,74504
7389,6114,141121
7392,11791,167921
7396,10061,167921
7397,17213,167921
7398,8064,270843
7399,8287,156411
7400,6166,173301
7401,5337,82832
7403,,80675
7404,7592,171731
7405,6895,151281
7408,6288,80675
7411,7691,81367
7412,4334,153331
7413,8206,246251
7417,50972,164251
7420,5449,75414
7426,8410,387655
7427,8409,199111
7428,7664,90821
7430,8431,157691
7431,8101,231961
7432,8460,249827
7433,8883,461375
7435,6974,171701
7438,9055,195571
7440,8277,186911
7441,8481,210291
7442,8456,87491
7443,8917,254663
7444,8490,72241
7445,8491,339733
7448,8479,88161
7458,8311,112521
7460,8457,273009
7461,7337,88161
7462,5876,355542
7463,6384,445672
7469,8310,160911
7470,8635,83314
7475,5956,248423
7477,8449,193831
7478,9000,271687
7481,8438,76703
7483,8246,79824
7484,8577,467259
7485,8348,80096
7486,8557,195721
7490,6634,87881
7494,8609,72454
7496,12185,72454
7497,9007,167921
7499,10528,261667
7501,19959,80397
7506,8676,172921
7508,,79525
7512,8476,195271
7518,8624,202241
7520,8245,248691
7522,8634,223711
7523,8416,312723
7525,8769,194961
7526,8950,84569
7528,5157,183171
7529,8795,188551
7531,8129,197731
7532,8675,173271
7535,7334,82832
7537,8331,72454
7538,8740,81797
7539,22977,184211
7540,22975,184211
7542,6381,82484
7543,8551,75112
7547,10057,167921
7548,10059,167921
7549,10056,167921
7550,17219,167921
7551,21969,167921
7552,21293,167921
7553,18591,167921
7554,21947,167921
7555,9451,167921
7556,21971,167921
7557,10060,167921
7558,9446,167921
7559,22035,167921
7560,10058,167921
7561,17215,167921
7562,21295,167921
7564,21493,164741
7565,3785,70350
7568,8525,195711
7569,8726,194461
7570,8964,98661
7577,,105131
7579,9347,196231
7582,,78923
7583,,78923
7584,,78923
7585,,78923
7586,,78923
7587,,78923
7588,,78923
7589,3394,78923
7590,14059,78923
7591,8934,194951
7594,6721,259890
7597,10855,250155
7598,8961,168561
7599,8937,83322
7602,9014,182081
7618,8560,257687
7620,9288,140711
7622,8424,194541
7623,8666,218861
7624,9005,81768
7625,8876,206081
7627,7768,197261
7628,8407,118101
7630,8857,240291
7631,17443,293065
7632,17447,293065
7633,17445,293065
7634,17441,293065
7642,9163,82380
7643,9165,82380
7644,9166,82380
7645,9164,82380
7647,18061,115121
7651,9159,81877
7654,8986,197001
7655,9204,195861
7656,8861,195231
7658,9548,82927
7659,9549,82927
7660,9547,82927
7664,7745,84139
7666,8247,74796
7669,9201,79796
7670,9040,246991
7671,9330,220541
7672,9205,197701
7674,8841,220571
7680,9181,81831
7685,1295,78232
7686,1298,78232
7687,1297,78232
7688,1296,78232
7703,9032,146401
7705,9338,458465
7713,8677,168421
7715,8678,168421
7718,9241,195141
7719,8425,218191
7723,6875,193821
7725,9331,219351
7727,9041,219131
7728,9088,80587
7729,9253,244061
7735,11787,247231
7736,9120,219771
7737,22037,167921
7740,21945,167921
7741,21961,167921
7742,21959,167921
7743,21953,167921
7744,21957,167921
7745,27373,167921
7746,19433,167921
7747,21963,167921
7748,21943,167921
7749,27371,167921
7750,21291,167921
7751,21297,167921
7752,21935,167921
7753,27501,167921
7754,21937,167921
7755,21933,167921
7757,27495,167921
7758,27491,167921
7760,20113,167921
7763,1409,73011
7764,2628,75141
7765,2633,75141
7766,2626,75141
7767,2625,75141
7768,2646,252696
7769,2645,252696
7770,10534,252696
7873,9314,219811
7874,9289,246521
7878,9335,210191
7883,9332,79099
7885,9340,139361
7890,8536,196231
7891,9107,76703
7899,9074,143271
7900,9367,219701
7902,6880,247997
7903,9379,247934
7904,9393,248584
7906,9796,90331
7918,8248,90521
7919,8249,90521
7920,8250,90521
7921,8063,247788
7922,9441,119141
7926,3121,80811
7931,8241,218531
7932,9065,151281
7933,9479,272132
7934,9513,219771
7939,8915,249868
7940,9493,247921
7942,9395,195861
7948,9510,173211
7949,8426,221281
7950,7858,118101
7953,9515,171591
7956,9907,264533
7959,7222,81086
7963,3483,71776
7969,559,72720
7971,9202,134181
7973,9611,78920
7975,9047,114921
7978,9587,216611
7983,10114,286895
7985,9608,301205
7986,9353,84187
7989,9539,245821
7991,,307111
7992,9598,214891
8009,10074,247231
8010,9999,81797
8012,9917,76703
8014,9656,117801
8027,9693,248351
8039,9863,247805
8041,9712,84591
8043,6505,262543
8049,10050,81086
8051,10348,97621
8055,9737,245451
8057,9834,220551
8058,6919,236061
8060,9774,247461
8062,9736,247933
8068,9744,91431
8069,9756,219181
8071,9930,264533
8074,9979,248781
8076,9911,227891
8085,9471,132961
8090,9135,85249
8101,9941,246381
8102,10012,251047
8105,9200,254779
8106,9624,247854
8107,9776,247691
8109,8630,247949
8112,9922,247968
8113,9926,247788
8115,10116,79654
8117,9934,249875
8121,9963,72454
8126,9969,79895
8130,9958,80554
8131,9981,252423
8132,9982,114801
8133,9996,248027
8135,10013,248595
8136,10014,248595
8138,10260,259964
8139,11069,76703
8140,10015,248049
8142,10033,247231
8143,10502,259863
8146,,79481
8147,,79481
8148,9919,248035
8149,10163,239951
8150,10030,193811
8153,10346,82028
8154,10073,134181
8158,9793,87851
8159,10075,79824
8160,10087,275798
8161,9890,76013
8162,6920,249846
8163,10076,115991
8165,8894,119141
8166,10079,248012
8167,10080,195711
8168,10165,240291
8172,10017,76666
8173,9893,248781
8177,10049,171731
8179,10110,249866
8180,9938,249870
8181,9989,247958
8182,10177,253182
8184,,251622
8203,9745,87881
8204,,173271
8205,10156,249939
8206,10155,247836
8208,,267620
8210,10161,250030
8211,10162,249872
8212,10217,250088
8218,10278,249865
8221,10324,168561
8222,9794,168561
8223,10191,250326
8225,10197,249642
8226,7081,260946
8229,9750,249874
8230,10213,252343
8234,10232,195571
8235,8516,132961
8240,10257,255925
8242,10271,81234
8243,9924,173261
8244,10347,248348
8245,10338,248980
8253,11699,255848
8254,10308,246971
8255,10016,259863
8256,10500,259863
8257,10501,259863
8259,10321,250070
8260,10336,72902
8265,9936,252474
8266,10109,248018
8268,10350,151281
8269,10740,76703
8271,9790,118101
8272,9751,82484
8274,7135,305488
8275,10372,249873
8276,10357,259653
8279,10687,72775
8280,9617,87501
8286,10379,82788
8287,10187,231961
8288,10216,247911
8292,10396,251906
8294,10378,195721
8298,10370,387655
8299,10447,79886
8300,10893,254658
8307,10418,247997
8311,,245451
8312,10589,79824
8319,10397,252477
8321,10444,202241
8323,10456,252345
8329,10684,167921
8330,10685,167921
8338,10465,250363
8342,,78953
8344,814,73532
8348,10490,249864
8350,10491,79682
8351,10547,247968
8353,10495,250022
8357,,102261
8363,10524,261667
8364,10521,145211
8367,10460,252467
8370,10568,249876
8371,10572,249869
8373,10573,73532
8374,10731,73532
8375,10681,249864
8376,10578,251984
8378,10588,252232
8381,10507,146401
8382,10856,250155
8384,10686,79824
8387,10659,79824
8391,10330,82832
8395,10620,249827
8396,10611,249867
8398,14519,83479
8399,10531,72454
8403,10801,251243
8406,10671,247461
8407,10711,261390
8418,10710,227891
8419,10719,251908
8421,10721,250084
8443,10701,72219
8448,,220571
8465,13173,259863
8466,13175,259863
8467,13169,259863
8468,13171,259863
8471,6560,137781
8476,10790,220571
8480,10793,252471
8481,10934,249874
8483,6773,78962
8484,10838,250021
8485,10798,252472
8489,10821,248781
8490,10805,195711
8494,10808,252621
8501,10703,72454
8505,9618,173301
8510,10849,195721
8512,10999,146401
8515,10933,249867
8517,10937,319976
8520,11033,264533
8521,8995,80328
8522,10897,251908
8528,10924,87491
8534,10766,72454
8538,10800,251982
8539,5051,73038
8541,11005,257746
8542,11053,252696
8549,11021,259636
8550,11061,252322
8552,11079,254664
8555,11177,259636
8556,11111,254349
8559,11101,268627
8560,10582,247933
8562,24269,392061
8564,11013,255133
8565,10189,79076
8566,,252474
8567,11123,247788
8569,11255,80158
8571,11241,254665
8573,11235,172921
8575,11239,82154
8577,11237,82154
8583,11227,254662
8584,11285,162711
8586,10794,219131
8587,11313,257766
8593,11319,79719
8594,11341,197261
8595,11441,70863
8597,11339,247691
8601,11371,254899
8602,12437,301205
8605,10262,83807
8606,11375,79099
8615,10923,197261
8616,11385,202241
8617,17439,293065
8620,11433,255056
8624,55315,285209
8625,11701,254349
8628,14249,250920
8635,,81235
8642,11499,257518
8645,11457,260746
8650,11531,252472
8655,11577,244061
8658,11597,102261
8660,11617,254653
8661,11809,252808
8667,11665,82788
8668,10869,262502
8670,24877,71160
8671,11019,76703
8672,11009,76703
8673,11703,262093
8676,35519,269667
8677,11769,257788
8679,12021,255206
8680,25363,440409
8681,11771,257765
8686,11179,254654
8689,11737,248035
8690,11773,81768
8691,11759,257516
8692,11757,259640
8694,11743,83322
8695,11919,83348
8700,11615,247461
8701,10884,87841
8709,11751,254667
8713,11777,71863
8716,11491,254652
8718,26053,241301
8719,11785,257521
8721,11813,80000
8722,10958,256182
8724,,128411
8728,11837,257395
8729,11843,254661
8732,,71279
8733,,71279
8735,11853,76703
8737,11859,87491
8740,,70820
8742,11887,259647
8760,11635,249939
8762,12001,81797
8764,11717,71014
8770,11471,273042
8775,11917,76013
8778,,219181
8780,12499,79654
8787,12029,259675
8788,12049,114801
8791,12031,259635
8792,1593,79077
8793,659,79077
8798,11697,254660
8799,11761,257522
8804,12119,257519
8805,,246381
8806,12117,72454
8808,15583,264663
8809,12231,81472
8813,12157,255694
8816,12149,257890
8817,12221,255904
8819,12191,255904
8820,12175,259641
8821,10153,81115
8822,12237,257891
8824,12187,251047
8826,12671,76703
8827,14175,246521
8829,12317,257887
8830,13367,259645
8831,12321,255382
8834,12367,257517
8836,12365,193811
8840,12461,257098
8842,12413,257756
8844,12403,250022
8845,,72281
8847,14989,263259
8848,12611,257557
8852,12445,257852
8853,12467,257571
8854,12471,79360
8855,12189,257764
8860,14073,259656
8861,12293,259646
8864,21561,276896
8865,12431,256705
8869,11933,259643
8870,12531,257762
8874,12637,264533
8875,11739,252467
8878,13863,259863
8879,12549,259642
8880,11741,275798
8882,11783,247836
8883,14741,261862
8885,11001,81999
8886,12487,252345
8888,13535,259644
8889,14515,264051
8890,12291,257888
8895,3786,70350
8896,15453,195721
8898,9988,79840
8899,12679,259651
8903,12651,260946
8910,10886,171731
8913,12677,257320
8914,12685,79525
8916,12883,257763
8918,10622,80096
8919,12695,318189
8921,12711,250070
8923,12875,258125
8924,12753,252423
8925,12729,254653
8929,11633,269875
8931,12783,118101
8932,10936,249875
8934,12815,257881
8938,12863,255925
8939,15307,255904
8940,12859,81797
8941,,73988
8942,12699,258010
8943,12979,257837
8944,12879,249868
8945,12907,269667
8946,7972,81844
8948,9865,88161
8962,12281,254662
8963,12929,257997
8967,13139,257951
8969,13055,257518
8971,12967,259652
8974,13145,245821
8976,595,70865
8986,13141,260751
8991,14173,257887
8992,12123,255848
8995,13093,257571
8996,,173271
8997,7867,263038
8999,13115,151281
9000,,151281
9002,13125,262838
9014,14381,167921
9015,13161,259649
9016,13163,257755
9018,8403,312723
9019,9365,81983
9020,13159,257914
9021,13799,76703
9022,,260070
9023,13667,79824
9025,29233,164741
9031,13203,257875
9032,13479,256705
9034,13377,254652
9038,7060,76547
9042,14829,269319
9043,14467,261249
9045,13261,146401
9046,13267,195721
9048,13231,387655
9050,13283,261484
9075,14511,81463
9076,13331,257756
9077,13333,259634
9078,13349,259637
9090,10464,116001
9091,15133,263445
9092,13411,252471
9093,13409,80808
9102,13469,257764
9107,15731,195571
9108,13727,254662
9115,13563,77524
9123,14627,254652
9126,13585,260361
9127,13601,262090
9128,13599,259849
9129,15437,220571
9130,13767,84230
9131,18941,323054
9132,13655,259638
9133,13663,81831
9134,13659,194961
9144,,255848
9145,40087,250155
9147,14875,79360
9149,21997,261667
9152,13839,72454
9153,13759,262114
9155,10928,82688
9157,13807,271988
9158,14277,259655
9162,,81831
9166,15119,264053
9181,13837,72454
9183,17074,102261
9184,25891,98661
9186,16035,267438
9187,13939,257516
9192,,80406
9194,15067,128411
9199,15545,265138
9200,,70350
9206,14027,251908
9207,14045,264054
9211,14333,260408
9214,14075,262109
9216,14093,76703
9227,14131,262098
9229,14753,286613
9230,14199,262092
9231,14647,197261
9235,14227,262107
9236,14289,262112
9240,14267,252232
9241,,220571
9242,14283,264530
9243,18643,81961
9245,14889,259656
9248,15819,79460
9249,14345,262095
9250,14349,318161
9251,14347,259863
9253,14353,289177
9257,14355,264523
9260,14693,255848
9261,14397,251982
9265,15785,146401
9267,14575,81463
9268,14513,262094
9269,14765,262113
9270,14951,264533
9271,15051,264533
9272,14527,257522
9281,14563,261755
9283,14835,249865
9284,14645,257098
9286,15005,264081
9287,14833,264056
9289,14935,76703
9291,14653,80554
9292,15613,264527
9293,14817,254663
9295,15043,262110
9298,14713,262106
9299,,252232
9302,14893,259642
9304,14719,262954
9305,14749,264052
9306,14751,275039
9307,14827,84187
9309,14807,82099
9310,14813,267435
9311,14811,264055
9314,14837,81472
9316,15925,252696
9320,7522,257321
9321,15633,262093
9323,13271,252322
9324,15117,195711
9327,17659,79295
9328,14921,267433
9330,14941,257890
9332,15315,264531
9334,16033,267438
9335,15127,82029
9339,15195,88161
9341,15225,264047
9342,14967,251908
9344,15059,70900
9348,15061,263310
9351,15037,271988
9356,15039,247958
9357,16201,267810
9358,15085,264532
9359,15045,262105
9365,15883,269874
9366,15911,267437
9367,15125,262856
9368,15959,171731
9371,15109,264525
9384,15335,79895
9386,15313,263851
9387,16067,272073
9390,15359,254658
9393,15751,264050
9394,15379,264049
9395,16157,267705
9396,19279,195161
9397,23659,98161
9398,15377,186911
9400,15489,248049
9402,15591,259651
9405,15795,271156
9406,15565,252474
9409,15451,254653
9410,12857,194951
9417,19023,275609
9418,17082,268287
9421,16005,264528
9426,5691,81011
9427,15417,79895
9434,10258,262663
9436,15605,270059
9437,15611,245821
9445,15649,265386
9446,15651,252423
9449,17961,79252
9450,17963,79252
9451,18637,79252
9452,15863,268284
9453,15689,102261
9454,15771,267754
9455,15781,265386
9456,15775,267754
9458,15783,71863
9459,15699,257521
9461,19879,314449
9465,15793,254667
9466,15809,267441
9467,15807,249869
9468,15847,193821
9471,16395,247805
9473,16726,252808
9474,15963,116001
9479,16910,268055
9481,16011,272043
9482,16009,270068
9484,16049,114921
9485,16051,249869
9490,16123,87841
9494,16183,446511
9495,16169,264522
9496,21085,275611
9498,21975,167921
9499,16211,264529
9500,18943,323054
9501,16241,247911
9503,16319,259655
9505,14735,72454
9507,16317,265530
9508,18041,271440
9509,16353,269877
9510,16355,267649
9512,15979,79360
9513,16363,87491
9517,16385,247836
9518,18153,272697
9519,16444,264531
9520,16397,267436
9522,16405,264972
9523,16419,266581
9524,19685,278330
9525,16417,264534
9528,16702,252696
9535,16442,266581
9536,20457,275584
9541,16498,267440
9546,17777,275614
9551,16518,268059
9553,16706,195711
9554,16512,267434
9555,16592,270058
9556,16524,267432
9559,,267620
9564,16680,76703
9565,16678,76703
9566,16906,265988
9568,16668,268289
9572,17959,79252
9574,16700,79682
9575,35489,258444
9579,16732,269872
9580,20533,275578
9582,16742,270062
9584,16982,80554
9585,16762,249827
9588,16870,79824
9590,16890,270066
9591,18179,272309
9599,16866,262107
9600,16868,262112
9603,16894,257765
9605,16904,261249
9606,16918,267246
9614,16928,257098
9620,17821,271152
9622,17637,269291
9625,17703,268285
9639,17080,81110
9653,17115,76703
9654,17127,266840
9657,17147,257951
9658,,293491
9659,18677,273002
9663,17831,270057
9664,17249,255925
9665,17247,272072
9666,17505,267439
9671,17699,247231
9672,17389,259635
9674,17705,253182
9676,18465,78919
9677,17265,272128
9678,17267,197261
9685,1074,78857
9687,17269,100151
9690,17357,266581
9693,17397,268060
9694,18357,167921
9698,11569,255904
9701,17437,249865
9714,17849,268575
9717,17513,272312
9718,17141,268026
9719,17655,252621
9720,17875,254654
9722,17549,272316
9734,17641,264663
9736,17651,269681
9738,17917,260946
9741,17681,268286
9745,17731,268588
9747,17727,262110
9749,17729,281949
9751,17741,257766
9752,17739,82154
9754,17573,256705
9764,17873,76703
9765,17827,283931
9770,17855,268055
9771,17895,272138
9772,18277,272129
9782,17909,269876
9784,17969,260408
9787,19221,272314
9788,17947,81115
9789,18001,219701
9790,18177,272309
9794,11763,272137
9795,,260070
9797,18055,264527
9798,18119,269682
9801,18095,275579
9802,18099,254652
9803,18441,269875
9804,19315,272130
9805,,262856
9807,18115,262094
9808,18523,264050
9809,18139,275583
9816,18497,273009
9817,18499,273009
9818,21999,261667
9820,18229,269873
9822,18195,259638
9823,18245,272369
9825,17725,195711
9826,,267440
9830,19871,273006
9833,23129,74504
9836,18411,273003
9841,18429,72454
9842,,90521
9843,,90521
9844,,90521
9845,,90521
9846,12439,90521
9847,12441,90521
9849,18247,219131
9854,18771,271216
9855,19369,273008
9856,18133,270540
9857,18495,270064
9858,18507,270065
9862,17379,75534
9867,18097,146401
9871,31750,76703
9873,,262106
9874,18671,261862
9875,18679,272074
9880,21353,279532
9881,18689,273005
9882,19855,275581
9887,18745,251982
9888,19117,271687
9890,18753,267435
9892,19775,278154
9893,18767,272071
9900,18851,269319
9903,18897,275670
9904,18849,82788
9905,18893,272317
9906,21105,280327
9907,19165,275798
9916,19429,278126
9919,19021,261862
9922,20047,275576
9924,19171,274654
9925,20507,275610
9926,19099,76703
9927,19111,264533
9930,19157,275582
9931,19151,272045
9934,19159,78919
9935,19163,264663
9937,13247,71863
9942,19207,261755
9948,19257,272313
9949,18295,268289
9950,20371,247788
9955,20431,275613
9956,19291,76703
9960,19319,273004
9964,19383,271591
9966,19367,272134
9967,19365,272131
9968,19363,267246
9970,19587,128411
9971,19489,318161
9973,20853,278127
9974,19469,313435
9975,19645,252696
9977,22297,278626
9980,22043,114801
9982,19647,79685
9984,19575,295398
9985,19759,283947
9987,19613,70900
9990,19755,265138
9991,19669,257765
9992,19703,254658
9995,19769,275574
9996,21033,278941
9998,19815,278155
9999,22877,279984
10001,19799,275573
10006,19953,275666
10007,19841,273007
10008,18617,262098
10009,18619,262098
10010,19919,272310
10011,20031,276050
10012,19951,252322
10015,20221,81463
10016,21635,264055
10020,21743,284439
10021,20141,71863
10022,20021,259640
10023,20033,272311
10024,20053,275629
10025,20039,254664
10027,20057,272849
10031,20159,273616
10038,20267,263851
10041,20709,280328
10046,21855,102261
10049,11135,284795
10053,42138,76703
10055,23675,98161
10064,20449,270062
10065,23281,262090
10066,21339,262090
10067,21677,276893
10069,21431,279396
10091,20509,269319
10110,20541,275633
10111,22789,281270
10113,20545,273002
10114,20543,357271
10134,20555,275667
10135,21073,265386
10145,20583,278157
10150,20963,323054
10161,21511,279533
10162,20649,257766
10169,20689,275634
10177,20745,264533
10178,26441,286856
10179,20767,275610
10181,20787,276890
10182,20785,278329
10191,,252474
10197,20847,173271
10198,23725,82484
10199,20961,259863
10200,20907,259863
10201,20889,259863
10202,20903,259863
10205,20931,275625
10206,20899,262954
10208,20939,272314
10210,20971,159551
10212,20973,275628
10222,12591,82378
10226,21039,269873
10227,21031,278061
10228,21067,276345
10232,21667,272316
10241,21167,278151
10243,21177,275631
10244,21185,278152
10245,21189,275609
10253,21469,252696
10254,21507,278371
10255,21267,275669
10262,21273,278818
10271,21325,275672
10272,22535,279831
10273,21327,278819
10274,21329,79214
10276,21335,276346
10278,23311,279980
10281,21013,278153
10282,21407,278061
10286,21421,278156
10288,21405,278196
10289,21427,276347
10290,21419,72454
10291,21437,276777
10292,21439,250070
10293,21435,264523
10295,21863,278976
10305,21563,278332
10310,21639,278975
10315,21587,280853
10318,21569,76703
10319,21571,76703
10320,22583,256705
10321,21573,254667
10323,24705,283924
10325,21649,284871
10326,21647,264534
10329,21653,219131
10350,21679,275614
10351,21681,281948
10352,21877,346673
10353,21707,255925
10354,21835,278269
10357,23309,279985
10360,21603,278199
10365,21821,278197
10366,21809,278262
10368,21755,254899
10370,21867,72454
10372,21845,284211
10373,21843,284133
10374,21851,272310
10376,21881,259640
10384,21939,79214
10385,21995,279554
10386,20977,275583
10391,22057,275584
10392,22097,310718
10395,22101,278331
10397,22117,275611
10398,22123,278158
10399,22147,280330
10400,22135,277464
10401,22319,281249
10402,22145,83996
10403,22225,281950
10404,22189,279040
10405,21899,79895
10406,23201,87881
10407,22199,280329
10415,22265,270065
10417,22273,278327
10419,22377,278212
10421,22359,279527
10422,22503,279225
10423,22381,279224
10426,22433,179791
10430,23249,259675
10432,22547,278817
10438,22663,286855
10439,22687,279828
10441,25157,283935
10442,22817,79460
10445,22729,279827
10446,23121,281252
10447,20651,82788
10452,22777,88031
10453,22759,114921
10457,23067,272556
10462,22831,279042
10475,22835,279530
10480,22865,279528
10482,22819,263310
10483,21729,245821
10486,22507,70900
10496,22955,279979
10505,23037,279555
10506,23079,279531
10509,25159,283937
10514,23133,279829
10515,23135,282059
10517,23151,281947
10518,23229,78777
10519,23153,80554
10522,23409,261667
10523,23199,133341
10525,23209,279981
10526,23213,279982
10528,23225,250022
10529,23233,284719
10530,23251,283933
10531,23259,283929
10535,23293,71863
10537,23283,279986
10538,23277,281275
10539,23273,279830
10542,23289,279804
10548,23317,83996
10549,23319,267432
10550,23325,279826
10551,23321,272128
10553,23327,272849
10554,23333,279983
10555,23375,282688
10563,23301,76703
10564,23383,276050
10566,22763,82099
10568,22961,264663
10569,28013,304475
10571,24701,79214
10572,23227,275633
10575,23441,280327
10579,9063,114921
10580,23551,264522
10581,23617,167921
10583,,267440
10585,23587,289763
10587,23623,272316
10588,23605,283611
10589,23673,284563
10592,23787,283932
10596,23755,284131
10598,24133,299511
10601,23847,267435
10603,23269,269872
10607,23931,259675
10609,23945,281253
10610,23433,276345
10613,23985,85068
10617,23991,245821
10619,24031,282060
10620,23421,275634
10621,24071,252808
10622,24011,299510
10623,24075,282040
10624,24135,281946
10626,24151,279554
10627,24171,267439
10628,24781,289181
10633,24437,283243
10635,24211,283926
10636,22677,245451
10638,24227,275670
10639,24231,278127
10643,24277,272309
10648,24261,278127
10657,24405,283934
10662,24415,257765
10663,24439,289886
10665,24451,278330
10666,24459,311014
10667,,275613
10669,24469,276777
10672,24175,285031
10673,24531,290620
10676,26349,285357
10680,24591,275582
10681,24625,273004
10683,24627,289744
10684,24629,284794
10685,18205,283243
10688,24655,264663
10691,24703,254653
10692,25429,284169
10693,24713,272311
10697,24765,283946
10698,24037,278327
10702,24833,283947
10708,24835,283136
10709,24855,283928
10710,24873,288103
10713,24893,278154
10714,24909,283930
10715,,272317
10717,22537,271591
10720,24997,264533
10721,23083,278061
10725,25013,283942
10726,,272697
10727,24699,283925
10728,25077,279555
10729,25099,284073
10733,25183,283961
10736,25283,283943
10739,25341,273005
10742,25389,81472
10744,24455,284132
10745,25397,283963
10746,25365,76703
10747,25431,314031
10749,25517,284098
10750,25519,284263
10751,26085,289310
10759,25649,84230
10760,28701,278626
10761,26123,173271
10763,25681,262106
10764,,290290
10765,25689,186911
10766,25731,284402
10767,,195571
10768,30240,293267
10769,25755,272309
10770,36902,342349
10773,25801,304316
10779,25835,284564
10780,25839,284582
10782,25859,289908
10784,25867,284585
10785,25875,284601
10795,25939,81115
10798,25999,276347
10803,26023,257521
10804,26057,269319
10810,,173271
10811,26165,289172
10812,26183,80158
10813,26243,289906
10814,26453,285358
10815,26351,292689
10816,29803,294002
10818,26443,291625
10820,,262856
10824,27411,293491
10830,27441,291726
10832,27503,286364
10833,27525,269319
10835,26055,262954
10841,27629,197261
10842,27631,295224
10843,27653,79654
10846,27655,279827
10847,27663,278152
10849,27709,87841
10853,27727,286853
10854,27775,291627
10855,27741,281947
10858,27783,339072
10859,27787,275670
10860,1754,73501
10864,27829,299516
10866,27831,133341
10867,27833,133341
10875,27899,281249
10877,27911,292098
10879,27927,291724
10882,27947,71863
10885,27967,264053
10887,27957,244061
10888,29786,293774
10889,27989,289884
10890,27997,250088
10891,28025,102261
10892,28069,279830
10894,28121,289882
10896,28149,290220
10897,28155,289174
10901,28171,289909
10902,28207,268588
10903,28669,291565
10904,28221,291286
10905,28223,289177
10908,10470,295224
10910,28249,291630
10912,31246,298930
10913,28283,290122
10914,28285,283935
10916,28293,323054
10917,25313,79895
10918,28297,289905
10919,28299,284563
10925,33037,313534
10929,27991,261249
10931,28387,295896
10934,28391,299505
10935,28401,291567
10936,28423,289903
10938,28497,295243
10939,28495,278154
10941,28511,291565
10944,25777,267440
10946,28595,270781
10947,28607,88161
10948,28617,289907
10949,28619,295894
10950,28621,296072
10951,28623,305082
10953,28479,72454
10954,,278157
10955,28677,289744
10957,28713,284169
10958,17919,227891
10960,28735,304316
10961,28755,79824
10962,32171,309531
10963,28771,76894
10965,28791,289885
10968,21409,289763
10969,28817,292926
10970,28819,297315
10971,28833,314031
10972,28825,293121
10974,28835,272310
10977,,275609
10978,28861,292829
10980,28883,299518
10981,28891,278157
10982,28907,295222
10984,28927,289906
10985,28929,291723
10991,28957,79214
10992,28979,81831
10993,28977,79895
10994,28981,293647
10995,25879,145211
10997,28999,289679
10998,29017,263851
10999,29035,275573
11000,29027,284719
11002,29067,285357
11008,29093,281949
11009,29095,281949
11011,29163,295892
11018,28869,283930
11023,29325,293491
11028,29589,291629
11032,29687,261667
11039,29758,311537
11040,,278157
11048,29785,296713
11049,29787,278818
11050,28853,76703
11053,29854,294001
11056,28215,72775
11059,29893,79839
11066,29941,295895
11067,29976,299490
11068,29974,272312
11073,30014,299746
11074,30015,299508
11075,30016,315103
11080,30091,296764
11081,30127,297317
11082,30123,295205
11086,30137,305073
11104,30187,299509
11110,30205,295204
11115,30230,273005
11121,30250,291625
11122,30251,293999
11123,30276,293088
11124,30279,250022
11126,30296,299506
11130,30307,293119
11135,30344,289763
11136,30321,272129
11138,30347,284131
11139,30355,293775
11142,30363,284719
11143,30370,283942
11144,30375,299742
11147,30383,295220
11148,30385,299326
11149,30386,325022
11150,30382,79886
11151,30381,79886
11152,30384,272311
11153,30410,263038
11154,30413,272309
11155,30415,270065
11157,30437,297311
11161,30455,279533
11163,30379,292689
11164,31339,312559
11166,30485,320459
11167,30484,339268
11169,31050,351797
11170,30503,275610
11172,30746,299515
11173,30524,300106
11176,30549,81110
11177,30544,293996
11184,30300,254653
11197,31280,278327
11200,30651,301424
11201,30652,306267
11203,30654,283947
11204,32271,321690
11209,31680,305101
11210,30694,295068
11213,30705,296881
11216,36903,354179
11218,30721,299760
11219,31865,309595
11221,30727,281275
11223,30736,284133
11226,30740,252384
11233,30749,299502
11234,31338,299501
11238,30757,301920
11246,30777,297313
11247,30778,114801
11250,30896,264533
11251,30782,295897
11252,30790,272309
11253,30795,304987
11255,30806,303291
11257,30679,87491
11259,30818,72877
11260,30826,297314
11261,30831,303867
11265,,300835
11266,31710,299500
11268,,281249
11270,30895,303729
11272,30901,79880
11273,30911,311014
11276,30902,250022
11284,30948,300107
11286,30988,279040
11287,30991,293121
11288,28257,275582
11289,31018,253182
11291,31049,339076
11292,31043,303071
11293,31044,299536
11295,29876,297413
11318,31098,294001
11321,31080,299499
11322,31848,304493
11323,31091,299537
11326,31109,309498
11332,31178,250070
11338,31139,293647
11341,29868,291565
11342,31143,299601
11343,31147,299491
11344,31157,314284
11345,31163,299963
11347,31174,300989
11348,31173,295205
11350,31181,102261
11352,35413,332994
11363,31221,301631
11365,31223,304478
11366,31229,307110
11367,31227,79460
11370,31240,305089
11372,31251,299497
11385,31156,283943
11395,28789,306269
11453,31318,299489
11459,28537,303145
11466,31370,306152
11468,31374,299882
11469,31376,300816
11480,31404,306741
11481,31405,305078
11485,31196,245821
11487,31414,303728
11488,31417,286853
11489,31418,279533
11491,27417,272312
11492,31422,319985
11493,31430,279828
11495,31433,343237
11498,31439,306151
11500,31442,303073
11515,31452,303067
11516,31456,330308
11523,31478,305075
11524,31483,295205
11529,31490,81797
11532,31498,306744
11533,31500,306743
11540,31519,300110
11543,32175,305100
11544,31537,306111
11547,31540,304490
11551,32553,275670
11552,31559,303731
11553,31560,272311
11568,31564,305085
11569,31566,268588
11572,33003,316815
11573,31573,301830
11577,31580,300835
11578,31578,300627
11580,31588,308030
11585,31592,76703
11591,31610,289903
11595,31621,304491
11597,31629,319981
11598,31630,305077
11599,31631,314480
11600,31633,304487
11601,31636,303725
11602,31637,295222
11606,31646,306269
11607,31645,344315
11615,,257765
11628,31670,283930
11637,31704,293088
11638,31845,307112
11639,31706,269319
11643,31716,301165
11645,31780,306407
11646,34577,284131
11664,,289909
11665,31733,275039
11672,31741,310718
11673,31737,293996
11677,31777,346403
11679,31764,309206
11680,31763,257516
11681,31765,259640
11683,31771,304900
11689,31783,272309
11690,31790,303730
11691,31793,304110
11692,31798,305679
11694,31804,305083
11696,31812,83996
11699,31821,291630
11712,31859,303868
11713,31866,72902
11715,31861,80009
11720,31883,304987
11721,31890,304477
11724,31904,305073
11725,31914,303147
11726,31867,303147
11731,31931,78914
11734,31933,262954
11735,31952,309207
11736,31953,309532
11739,31964,305074
11740,31973,305171
11742,31978,79654
11743,31980,297315
11745,34449,327017
11746,31988,289884
11747,31989,289884
11748,31994,271591
11753,32005,72454
11754,32011,312293
11756,32013,304489
11757,32014,323054
11758,,300835
11761,32023,304106
11762,32032,321535
11763,32038,291726
11764,32039,291726
11778,32071,78916
11780,32083,303955
11782,32086,80304
11783,32093,305104
11784,32094,304479
11785,32105,307061
11786,32107,301424
11790,28539,279980
11792,31815,304492
11794,31884,304476
11795,1902,130391
11797,32160,304476
11803,32182,307375
11804,32189,270058
11805,32485,293267
11809,31378,289906
11810,32212,358162
11815,32214,304107
11816,32222,275582
11819,32245,307365
11822,32262,321697
11826,32274,268588
11827,32268,102261
11828,32282,289909
11831,32301,303730
11834,34754,311832
11836,32313,299491
11839,32321,71863
11840,32936,324710
11843,32353,312723
11844,32215,254653
11846,32360,310197
11848,32370,312878
11850,32366,79895
11851,32379,307111
11852,32382,275609
11854,32380,303867
11857,32407,321627
11860,30885,275610
11863,32438,305099
11864,32447,329824
11865,32454,307333
11874,32491,305799
11875,32494,311149
11878,32526,306407
11881,32542,306153
11883,32555,309203
11886,32568,309148
11889,32574,289886
11890,30365,284719
11891,32582,261667
11893,32595,306847
11894,32323,307812
11899,32601,289796
11901,32603,297315
11902,32608,306845
11903,32606,306846
11904,32607,314287
11905,32615,315500
11908,32648,309210
11910,32664,313676
11913,32691,311607
11917,,313665
11918,32673,315094
11920,32681,307323
11921,32682,300106
11922,32686,315164
11924,32696,309208
11925,32697,313675
11926,32698,293119
11927,32772,308036
11928,33788,321440
11934,32717,309143
11938,32729,307868
11941,32801,289882
11945,32805,309201
11946,32802,245821
11950,32827,339353
11951,32829,315092
11952,32828,308521
11953,32830,319996
11955,32836,254667
11959,32843,254667
11960,32785,277063
11964,32866,314267
11965,32867,305075
11966,31658,257765
11969,32876,309152
11970,32878,319455
11971,32881,315091
11974,32887,321670
11977,32792,142601
11979,32899,316814
11980,32900,278329
11981,32901,319410
11982,32902,316842
11983,32906,309151
11985,32924,319984
11991,32935,278157
11992,32937,303867
11995,32951,318950
11996,32947,309209
11997,32948,309202
11998,32949,318895
12002,32977,310436
12003,32961,312665
12004,32962,316332
12007,32979,314286
12008,32981,319275
12009,32983,82788
12012,32995,317004
12014,32998,309530
12018,34834,329987
12019,32483,309493
12020,33012,346799
12021,33011,317665
12022,33013,305101
12023,33010,78878
12027,33018,327574
12030,33019,304479
12031,33023,315098
12032,33026,317820
12034,33027,329252
12035,33028,314361
12036,33035,267437
12037,33034,269872
12038,33032,312559
12039,33033,299742
12040,33031,316844
12042,33045,317436
12043,33041,304106
12044,33046,313487
12046,33047,337018
12047,31722,284131
12048,33051,299497
12051,33064,259675
12053,33080,313185
12057,33089,319997
12058,33190,312664
12059,33094,317802
12062,33095,304316
12065,33113,312304
12077,33161,267435
12079,33181,303728
12080,33184,329825
12085,33091,312664
12087,33197,317206
12088,33203,321672
12091,33206,318893
12095,33222,313533
12098,33221,305171
12102,33241,313992
12103,33240,81844
12104,32953,306407
12105,33244,316334
12106,33245,293647
12107,,261249
12111,33253,300835
12112,33255,313435
12113,33254,291630
12116,33263,319357
12118,33280,278818
12119,,310311
12121,33286,272129
12123,30533,273004
12125,33299,314482
12129,33302,272309
12132,33314,317566
12136,33337,319983
12137,33341,313702
12138,33352,330139
12140,33354,70668
12141,33362,299742
12147,33372,294002
12148,33371,320032
12150,33377,315093
12158,33394,314349
12192,33392,317830
12197,33417,305101
12198,33419,289796
12199,33434,316838
12200,33421,313488
12201,33433,313867
12223,33447,320001
12226,33462,316331
12227,33478,332984
12228,23871,265386
12230,33475,321671
12233,33486,305074
12234,33487,318860
12235,33489,318161
12237,33490,283930
12238,33502,325208
12240,33506,248035
12241,37346,291286
12244,,321496
12245,33513,283947
12246,,305082
12252,33531,341429
12253,33532,325190
12254,33541,309151
12256,34086,311014
12258,33566,79237
12261,33572,315095
12262,33573,320002
12263,33581,283935
12264,33589,81115
12266,33654,329313
12269,33183,304476
12273,33668,315100
12274,33669,304476
12276,33674,278155
12280,33690,315099
12283,33712,295897
12284,33724,301920
12287,33726,80587
12290,33731,318984
12291,,314031
12292,33733,345384
12296,33737,402182
12300,33743,319982
12301,33746,300110
12307,33775,316049
12308,33771,317454
12317,33795,304110
12318,33797,324711
12319,33803,317829
12321,33811,262856
12322,33814,317391
12323,33820,317391
12324,33834,318951
12327,33836,319454
12329,33840,321696
12332,,270065
12333,33850,342182
12337,33889,332161
12339,33899,337336
12344,,305074
12349,33948,321695
12350,33949,304489
12351,33950,331753
12359,34549,324355
12361,,262098
12362,33966,349498
12369,33983,319999
12372,33985,316837
12374,33988,316931
12381,34008,311149
12384,34009,317682
12385,34012,329820
12387,34013,317866
12394,34077,245821
12395,34019,321532
12398,34021,71863
12400,34028,320004
12407,34034,76703
12409,34514,316998
12410,34052,327035
12411,34051,319456
12414,34055,307111
12417,34076,269876
12418,34088,320560
12419,34096,79895
12420,34100,269319
12422,34102,320169
12424,34103,314361
12425,34104,327507
12426,34106,289903
12428,34125,306743
12429,34126,301165
12430,34134,293088
12431,34136,307868
12433,34148,320003
12436,34152,270058
12439,34161,294002
12441,,313665
12442,33071,305075
12450,34176,317828
12451,34177,329826
12460,34208,413557
12461,34209,355576
12462,34213,318271
12472,34238,300989
12483,34257,326337
12485,34262,325373
12494,34280,327007
12496,34279,335116
12498,34281,254653
12500,34445,284263
12501,,284263
12502,34289,319998
12503,34290,321820
12509,34302,321820
12519,34321,353666
12522,34332,354637
12523,34338,341395
12524,34337,330087
12526,34350,324709
12542,34368,329823
12543,34394,284263
12545,34382,337120
12546,34383,327008
12548,34389,321496
12549,34391,305171
12550,34392,319995
12551,34393,325192
12553,34402,321698
12554,34403,329422
12557,34411,333857
12558,34414,315103
12560,33926,326270
12562,34420,344974
12563,34427,325198
12564,34430,72454
12566,34437,79525
12567,,79525
12569,34443,348742
12571,34451,289886
12574,34465,248035
12575,34467,271591
12576,35248,327010
12577,34471,275582
12578,34474,333239
12602,34494,321536
12603,34497,336404
12608,34501,321531
12618,34504,173271
12621,34513,311149
12622,34658,335088
12625,34522,275609
12637,34525,327597
12646,34540,76703
12648,34539,72775
12651,34547,328001
12652,34543,321691
12653,34542,321209
12654,34544,305082
12655,34550,326439
12656,33605,321503
12657,34561,321869
12658,34552,317436
12660,34565,327016
12661,34566,321285
12663,32613,321234
12665,34572,331753
12673,34580,328826
12674,34589,319999
12675,34591,82788
12681,34599,326109
12683,34604,332984
12685,,312559
12686,34607,317206
12689,32547,272316
12691,34612,313435
12693,34620,359955
12694,34618,332162
12700,34636,327014
12701,,81110
12703,34670,301920
12704,34662,326332
12712,34712,332159
12713,35960,259638
12718,34738,317829
12723,34745,328847
12731,34771,332992
12737,34787,282059
12739,36397,333237
12743,34798,330692
12745,34799,327037
12746,34800,329829
12760,,325375
12761,34822,325197
12762,34825,328823
12781,34839,337621
12789,34852,325022
12790,34863,315098
12803,34881,329821
12809,34901,339076
12814,34902,328822
12818,34905,325374
12819,34914,309532
12820,34915,333234
12825,34927,311832
12834,34933,327572
12835,34934,327015
12836,34941,87491
12837,34944,305075
12888,34964,337939
12889,34966,79106
12897,34973,306407
12899,34975,330094
12900,34978,315092
12906,34984,337122
12909,35000,81831
12915,35006,306407
12919,34776,26796
12921,35015,327261
12942,35062,316842
12944,35067,300989
12947,35069,326336
12952,35073,294002
12954,35075,275613
12956,35076,333709
12957,35078,335113
12959,35079,333152
12962,35082,289884
12968,,284439
12982,,278157
12985,35114,329828
12986,35120,338192
12993,35182,286853
12994,35180,306269
12995,35183,341438
12996,35198,270065
13004,35203,329992
13005,35204,329528
13006,35206,321820
13017,35220,329827
13019,35224,327718
13023,35222,335235
13030,35241,332979
13031,35240,328827
13033,35247,102261
13034,35249,344220
13035,35250,332980
13036,35251,333233
13037,35252,372129
13038,36220,336385
13039,35254,317820
13050,35303,257755
13053,35298,339447
13055,35313,319997
13056,35314,321671
13057,35315,320459
13060,35320,70668
13067,35330,339278
13068,35333,313488
13069,35334,314284
13070,35335,291724
13071,35332,283243
13098,38799,73749
13099,35370,262856
13106,35376,293121
13108,,283929
13114,35427,332987
13117,35434,329993
13123,35466,299508
13144,39046,265386
13145,35480,329831
13147,35484,333232
13152,35503,346988
13153,35507,329822
13160,35540,337013
13162,35982,273004
13165,35557,331787
13167,35567,273004
13171,34300,328670
13172,35589,337622
13176,35608,261862
13187,36990,272316
13192,,330086
13197,35635,330138
13198,,329326
13199,35639,332160
13205,35672,264523
13206,35673,264523
13207,35678,289884
13217,35712,334706
13219,35714,271591
13224,35730,330088
13225,35737,431093
13237,35757,324710
13238,35756,344076
13239,35759,278154
13241,35760,267440
13244,35788,289909
13245,35789,272309
13246,35790,353712
13248,35237,329422
13250,35821,337350
13252,35828,337019
13254,35835,352854
13255,35834,348706
13256,35838,332983
13257,35839,337623
13258,35842,78878
13259,35849,337017
13260,35847,349418
13263,,79895
13266,35857,71863
13269,33875,111011
13270,35860,337936
13271,35231,329823
13273,35868,447951
13274,35883,326337
13276,35889,337617
13281,35905,336406
13282,35923,293647
13283,35928,341434
13286,35946,284131
13288,35949,305171
13291,35964,78881
13293,35968,341425
13295,35972,114801
13296,35983,346948
13299,40148,372084
13300,35988,339401
13301,35984,81115
13307,35994,344844
13309,35997,337123
13310,38040,303867
13311,35999,332985
13312,36000,352875
13313,36001,342001
13317,34626,303867
13322,36009,332978
13329,36022,245821
13331,36023,344315
13332,35321,278157
13334,35072,321285
13335,36027,332981
13336,36029,337121
13337,36028,338455
13341,36037,264053
13345,36038,332771
13346,36039,340890
13347,36040,351487
13348,40256,334180
13355,36049,303725
13360,36077,304475
13361,36083,317206
13362,36094,339276
13376,36108,337015
13380,36119,319997
13385,36124,335237
13389,36135,335039
13390,36144,333881
13398,36166,97621
13401,36196,317665
13402,,334707
13412,36982,340233
13413,36228,319997
13417,36245,335316
13421,36259,336973
13424,36266,341998
13426,36267,344222
13430,,305089
13434,36296,340011
13437,36309,341439
13439,36316,346676
13440,36317,353219
13441,37268,353455
13447,36184,379282
13469,36318,328670
13473,,343237
13477,36407,354602
13480,36431,319995
13481,36432,83322
13485,36456,305074
13486,36246,301920
13487,36458,391883
13491,35677,289884
13492,36470,341432
13493,36474,259640
13494,36475,335815
13495,36483,313487
13496,,335952
13497,37023,343054
13498,36510,351049
13499,36511,281249
13500,36516,337020
13502,36513,345230
13503,36522,321503
13505,36525,342117
13507,36531,340263
13508,38897,269319
13510,36536,299742
13511,36537,299742
13512,36538,82788
13513,36548,336480
13515,36560,334706
13517,36563,341437
13518,36565,341436
13524,36587,319981
13526,36593,340261
13527,36616,307375
13528,35777,347929
13533,36633,264663
13534,36632,352564
13536,36649,343384
13537,36652,342181
13538,36653,352796
13539,36654,347295
13540,36655,85192
13543,36688,284719
13546,36702,267440
13548,36704,270065
13552,36726,344980
13559,36728,340786
13564,36754,339922
13570,36777,79880
13571,36783,262098
13573,36784,340518
13580,36792,319410
13581,36793,342010
13582,36797,340462
13583,36800,304900
13588,36455,340497
13589,36817,347468
13591,36827,197261
13592,36828,341985
13597,,339331
13599,36847,339277
13605,35798,72454
13612,36862,326109
13613,36864,342316
13618,36871,356041
13619,36873,347160
13624,36882,357019
13625,36884,343815
13626,36885,281275
13629,36945,347226
13633,36896,305074
13634,36848,307812
13635,37476,245821
13636,36904,346744
13637,36906,347215
13643,36915,353666
13644,36914,353666
13645,37286,342601
13649,36927,76703
13655,36934,339203
13656,36943,343076
13657,36946,295068
13658,36949,289909
13659,36950,344980
13676,36976,343363
13688,36995,340261
13691,,102261
13693,50694,451711
13695,37007,340280
13696,37008,333239
13698,37021,350301
13703,37027,306407
13704,37029,275613
13705,37033,340138
13706,37036,344194
13713,41595,246381
13717,37055,315500
13718,37086,327572
13728,34284,284263
13733,37096,345377
13734,37105,343913
13735,37106,353296
13740,37126,315092
13742,37140,341996
13743,37141,346931
13745,37154,355970
13750,37171,346798
13752,,345381
13753,37188,341988
13755,37204,345382
13756,37206,352355
13757,37210,347425
13760,37221,351319
13767,37202,342131
13768,37232,353603
13770,,358890
13774,37245,345055
13779,37254,344221
13781,37258,342345
13783,37259,348294
13791,37283,339076
13793,,313665
13795,37302,354199
13797,37311,354199
13806,,345341
13807,37324,275582
13812,33191,262954
13813,37338,344200
13826,37345,368562
13829,37347,289882
13830,37348,289882
13831,37349,350166
13838,37368,310027
13839,37374,354197
13840,37377,318860
13841,37379,251982
13843,37388,85192
13844,37393,368861
13845,37395,347578
13848,37403,365720
13849,,428888
13859,37422,326337
13869,37426,357047
13871,37430,352408
13875,37433,345233
13890,37438,349993
13891,37436,350084
13893,37435,354154
13894,,262090
13896,37446,347294
13897,37448,345232
13898,37447,351743
13899,37451,355624
13900,37450,345596
13901,37449,272129
13904,37458,348601
13911,37475,350555
13912,38199,356311
13913,37481,346943
13914,37484,325374
13916,37487,347467
13917,37491,79895
13918,37490,305077
13923,37496,345100
13925,37497,351751
13926,37501,340261
13934,37509,354164
13939,37510,307375
13941,,326109
13944,37517,347194
13945,37521,359274
13946,37520,354167
13947,37522,369140
13948,37525,369143
13950,37078,326270
13952,37555,352569
13956,37561,352573
13958,37601,348687
13959,37569,346947
13960,37571,349496
13964,37576,372939
13965,37578,346942
13966,37579,352212
13971,37584,352679
13972,,349733
13973,37587,382868
13977,37596,339278
13978,37598,346945
13979,37597,352684
13980,37599,387391
13981,37600,13981
13987,54769,456359
13989,37614,358411
13991,37621,337936
13995,37646,340518
14000,37655,339072
14001,37657,353297
14002,37662,349459
14008,37675,294002
14013,37987,330139
14017,37704,306743
14025,37716,352681
14026,37722,352839
14038,37744,360708
14039,37747,293647
14042,37764,142601
14044,37769,348719
14047,37773,250022
14049,37778,349219
14051,37779,348002
14053,37786,348065
14059,37799,281249
14061,37804,284564
14063,37806,358180
14064,,328827
14068,37823,352683
14075,37869,320002
14076,37870,320002
14077,37873,349497
14085,,338455
14086,37885,347734
14087,37890,371193
14088,37893,271591
14091,37914,413555
14094,37920,354193
14098,37924,327261
14100,37926,361713
14103,37940,360553
14105,37952,360154
14107,38000,348545
14108,38021,301920
14109,37965,352853
14111,37999,354198
14112,,349640
14113,37998,354168
14124,37997,341434
14127,37996,346798
14134,,362588
14135,38540,197261
14136,37994,339353
14156,37993,355969
14162,37208,341295
14165,37956,342010
14172,37964,358331
14173,37991,262954
14174,37992,352326
14177,37958,309208
14182,37990,341438
14183,38022,301920
14185,37989,338455
14187,37988,344222
14189,38249,313435
14192,38009,363144
14193,37975,342181
14195,36515,321690
14196,37986,283935
14198,37976,351953
14199,37985,346744
14200,37972,369141
14201,37984,377902
14202,37962,337336
14203,38005,82484
14204,38006,402223
14205,38004,361217
14206,37983,335088
14213,37982,354170
14223,37980,353624
14229,37979,354171
14230,38003,305075
14232,38062,354298
14234,38080,358181
14236,,407704
14237,38083,353579
14238,38084,353666
14239,,353666
14241,38089,353244
14242,38091,359832
14244,43684,353090
14245,38098,360761
14247,38101,355966
14253,38145,355968
14255,38157,355971
14256,38150,360580
14257,38161,355219
14258,38162,354194
14259,38163,350301
14288,38409,358612
14289,38186,359095
14290,38175,350052
14291,38192,402299
14292,40137,374768
14308,38226,360593
14318,38234,81797
14327,38235,345384
14339,38251,353247
14349,38254,353246
14360,38256,370931
14371,38262,336973
14381,38268,352569
14386,38276,366702
14389,38284,353242
14390,38295,359014
14391,38297,361709
14392,38301,354636
14393,38302,372340
14396,38328,367277
14397,38329,345596
14398,38331,361439
14400,38337,278818
14401,38333,278818
14405,38349,341425
14406,38357,281253
14410,38390,368366
14412,38395,353608
14413,38397,359646
14416,38408,305074
14418,38422,346673
14420,38425,80158
14421,38431,344315
14426,38440,402836
14427,38449,356310
14428,38450,341295
14435,38472,357471
14437,38474,330692
14438,38475,330692
14439,38476,330692
14440,38480,360438
14441,38481,114921
14442,38483,368862
14444,38524,267440
14445,38529,367513
14447,38544,354675
14449,38555,371437
14453,38572,357431
14454,38573,362053
14459,38578,357448
14461,58173,412566
14467,38610,361707
14471,38619,361751
14472,38628,355025
14476,38656,355220
14477,38659,369048
14479,38663,375688
14480,38664,313185
14482,43697,398144
14483,38668,370761
14485,38669,313534
14486,38670,369801
14487,38672,357448
14488,38671,355480
14489,38673,356777
14490,38680,357488
14491,38691,355774
14493,38707,360445
14494,38693,294002
14495,40192,369139
14496,39592,319976
14497,38715,368974
14498,38719,358154
14501,38720,71863
14504,38731,273005
14506,36951,76665
14507,38735,356032
14511,38749,356155
14512,38753,361705
14514,38759,360579
14516,38767,326337
14519,38778,360010
14520,38770,72454
14522,38787,360011
14523,38790,373679
14526,38793,352408
14528,,356486
14530,38814,359836
14531,38815,346744
14535,38830,374787
14537,38835,384778
14540,38843,376038
14543,36963,358425
14544,38850,357448
14545,38853,382958
14548,38860,352679
14550,38881,360786
14552,38883,278157
14553,38889,358181
14556,,313665
14561,38903,421103
14564,38909,362429
14569,38920,361756
14570,38924,335088
14571,38935,361351
14572,38528,328670
14573,38936,357492
14574,38940,361491
14579,38958,353666
14580,38959,357492
14582,,79835
14583,38851,357277
14590,38992,368358
14591,38993,337936
14598,40151,373360
14602,39017,368565
14603,39026,360502
14616,39487,71863
14618,39030,368905
14623,39049,347215
14627,39063,359645
14630,39071,363143
14631,39078,345382
14648,39183,380661
14655,39184,372853
14658,39194,370891
14659,39195,361013
14660,39196,369144
14661,39198,361456
14662,39199,361714
14663,37618,358828
14664,39221,361752
14678,39247,318893
14687,39277,275582
14688,39282,339076
14689,,348545
14690,39292,377034
14693,39324,362839
14694,39325,353608
14695,39326,361749
14698,,360675
14701,39355,342131
14706,39382,358331
14707,39388,371444
14710,39456,362052
14717,39417,361704
14718,41094,376751
14721,39463,374198
14722,40850,374769
14727,39468,366263
14728,39469,321532
14729,39470,321532
14733,39380,352327
14734,39489,385812
14735,39491,262090
14744,39506,370895
14746,39519,385314
14747,39518,387060
14748,48453,402834
14750,39523,369395
14751,39527,361754
14755,39531,361017
14756,39533,361218
14757,39534,368364
14758,39535,371310
14759,39539,367067
14764,39547,267435
14767,39551,352408
14772,39555,348742
14776,39565,305074
14777,39567,368757
14780,39570,346673
14782,39576,350166
14784,39574,361386
14785,39575,372921
14788,39583,373676
14789,39582,372238
14791,39586,346931
14792,39587,305089
14794,39589,354636
14795,39590,368553
14796,39597,259640
14797,40542,313435
14798,39609,372959
14801,39617,348002
14802,39619,320002
14804,,259675
14805,39620,366358
14810,39638,267705
14811,39643,366411
14815,39681,386713
14819,39701,284131
14822,39710,372534
14824,39725,394678
14825,39728,371311
14827,39730,372361
14840,39741,330139
14854,39419,364538
14857,39653,319997
14858,40320,369749
14875,36618,311607
14890,38198,284131
14903,39783,355966
14904,39790,371108
14907,39792,370769
14908,39799,366706
14912,39806,369735
14914,39808,272316
14916,39811,359645
14918,39819,359095
14922,39836,271591
14924,,364542
14934,39893,408919
14935,39894,289884
14939,40165,377972
14940,39917,408700
14941,39651,307375
14948,39935,356041
14951,39940,289909
14952,39942,374491
14953,39948,347467
14956,39959,327261
14957,39960,360553
14960,39966,376037
14964,39988,357471
14965,39987,361217
14966,39990,371849
14968,40004,359095
14969,40010,371662
14971,40369,250022
14972,39978,366357
14977,40028,267440
14978,37932,326270
14987,40046,370377
14988,40417,357488
14990,40052,376144
14994,40056,378878
14995,40059,338455
14996,40085,371667
14997,40060,366460
15001,40074,373082
15002,40075,384017
15004,39676,379528
15007,40097,80009
15013,40128,372660
15014,40129,374471
15016,40136,374472
15021,40154,355025
15023,40178,369145
15024,40196,369146
15026,40166,347578
15028,40174,351953
15032,55978,329564
15033,40197,370373
15034,40215,346744
15035,40080,326270
15036,40228,313676
15038,40230,373276
15045,40262,278157
15047,40266,370508
15048,40272,372853
15063,40333,369026
15065,40295,376812
15067,40351,76703
15070,40356,353712
15071,40357,353712
15072,40358,378809
15073,40359,381769
15084,41777,358138
15092,40940,375295
15095,40397,387840
15096,40392,369719
15097,40403,372836
15100,,264663
15101,40423,370501
15106,41461,264663
15107,40436,379923
15110,40269,354179
15111,40454,289882
15113,40456,348545
15121,40483,373680
15126,40485,272129
15128,40488,407695
15130,40486,272129
15131,40496,375927
15132,40497,278329
15133,40504,341436
15134,40506,378522
15135,40507,357019
15136,40513,371040
15138,40515,370768
15142,40526,398083
15143,40529,367067
15144,40530,388737
15145,40532,371000
15146,40540,259640
15156,40550,371097
15198,40578,71863
15201,40586,389377
15202,40571,371436
15206,40590,79880
15207,40591,354198
15215,40594,386933
15216,40595,387027
15229,40602,356032
15230,40608,402231
15231,40610,373345
15240,40620,401234
15241,40623,378049
15254,40665,346988
15255,40664,346988
15257,40679,389250
15259,40682,259635
15260,40685,395315
15266,40708,380655
15267,40716,372833
15268,40714,374493
15271,40729,341437
15272,40738,373701
15274,,373728
15275,40748,377543
15277,40750,388575
15278,40752,399147
15279,,78923
15280,40758,374495
15281,40763,372753
15283,40776,278157
15284,40778,312664
15285,40783,377679
15286,40786,373131
15289,40803,373275
15293,40815,366263
15294,40814,173271
15297,40833,388485
15298,40834,391625
15299,40839,380654
15300,40841,366263
15301,40842,386353
15305,40852,355774
15307,40854,349497
15308,40858,262090
15309,40861,373770
15312,40870,392925
15313,40879,388317
15318,40901,337622
15319,40902,289909
15320,40904,388643
15321,40906,374191
15322,40907,283934
15323,40908,390382
15324,40911,385542
15327,40930,392491
15328,40934,378034
15329,40936,368862
15330,40935,361013
15332,40938,390306
15333,40942,345055
15335,40956,355480
15336,40957,370891
15338,40958,386577
15339,40960,402094
15340,40961,390384
15341,40964,391465
15342,40974,386572
15344,40983,376684
15348,40995,358890
15350,41006,385002
15351,41025,375271
15355,41062,379920
15358,41074,376003
15359,41084,326109
15362,41103,397860
15363,41109,272128
15364,41120,376211
15365,41124,379306
15371,,358890
15372,41146,369146
15374,41169,400512
15378,41205,354636
15381,40784,358612
15382,41226,381406
15389,41265,397250
15390,41266,379918
15391,40221,376729
15393,41206,380103
15397,40005,328670
15400,41312,380477
15403,,379925
15408,41353,378556
15409,41345,386818
15411,41364,319995
15413,41372,381768
15415,41380,383518
15421,41389,385077
15423,41392,388381
15428,41402,369144
15429,41778,358138
15431,41405,357354
15437,41433,378879
15438,41439,339076
15440,41456,394340
15441,41457,378609
15447,41466,382658
15448,41468,389459
15449,41467,74796
15450,41471,269872
15453,41915,419444
15456,41487,352408
15457,41488,385374
15459,41491,284131
15460,42387,346931
15461,41497,353666
15464,41514,373679
15467,41520,389227
15468,41521,389082
15472,41530,370931
15473,41319,264533
15475,32863,283947
15476,41556,397425
15480,41283,379742
15482,41573,372939
15483,41574,389234
15484,41587,305074
15485,41589,397280
15489,41558,376126
15492,41619,386714
15493,41623,347425
15497,41659,355219
15499,41674,79839
15501,41688,392988
15502,41694,380402
15505,41710,389422
15512,41750,73749
15513,41762,392212
15519,41783,386191
15522,41812,400642
15528,41833,400015
15530,41834,387510
15536,41842,254899
15546,41911,384485
15547,56146,437799
15557,41899,388006
15559,41930,384757
15561,41946,388644
15565,42030,269319
15576,41611,380207
15577,42071,284263
15578,42072,400134
15582,42091,267440
15593,42203,305089
15596,42205,383837
15597,42192,388645
15599,38536,313488
15600,42238,327261
15601,42249,393478
15602,42250,392195
15603,42260,384424
15604,42282,371437
15609,42307,392668
15610,42310,384541
15612,42321,398095
15615,40735,384641
15617,40435,386257
15619,42340,388574
15621,42351,401874
15622,42361,385278
15625,42385,425814
15626,42161,383488
15627,42391,300989
15628,42395,396903
15630,,389232
15634,42429,366263
15644,38990,388248
15646,42516,400398
15647,42506,395022
15648,40730,388672
15656,42544,386570
15659,42571,388536
15660,42568,398106
15665,42587,284263
15666,42590,397965
15672,42603,305074
15676,42625,401856
15678,42627,388445
15683,41917,388678
15689,42668,386981
15690,42670,377034
15697,,389474
15702,42745,363143
15708,42774,394143
15712,42803,378049
15713,42808,402726
15715,42822,391365
15716,42825,392196
15720,42826,397831
15724,42862,353608
15727,42883,389235
15728,42886,343237
15731,42892,399117
15732,42894,82788
15733,42897,388593
15734,32455,388739
15735,42916,259640
15736,42923,388858
15737,42940,406152
15738,42938,357488
15739,42941,344220
15741,42959,360553
15742,42962,381406
15743,42963,380654
15744,42976,389200
15746,42981,394792
15748,43001,394293
15749,42994,347215
15756,43007,396052
15770,43229,389696
15772,43299,390028
15774,43325,385542
15779,43439,396876
15785,40979,391299
15788,43470,368358
15795,43523,390832
15804,43591,400245
15806,43608,354198
15807,43609,354198
15810,43691,401258
15811,43690,391006
15812,43692,391005
15813,43693,391008
15814,43694,412322
15827,43735,411827
15828,43741,402005
15830,43756,395746
15832,43760,402607
15833,43763,397870
15834,43767,402003
15839,43771,423731
15841,43778,128411
15847,44040,394705
15848,43814,391736
15849,44041,400705
15851,43969,395486
15853,44037,400573
15855,,397070
15865,44055,404886
15866,44081,313487
15867,44218,392226
15869,44141,355969
15872,44191,392944
15873,44200,305074
15875,44203,398544
15876,44204,368565
15879,44208,271591
15899,44248,251047
15901,44273,376043
15902,44087,79895
15904,44275,409952
15905,44276,395156
15906,44274,400003
15910,56835,443905
15912,44387,407852
15914,44511,397934
15917,44516,406168
15918,44524,393301
15921,44583,386577
15930,44881,383518
15931,44931,385077
15932,44942,393810
15934,44940,283934
15936,44961,399902
15938,45055,401899
15939,42640,380207
15943,45425,403296
15945,45486,386572
15949,45489,346744
15952,45572,394013
15954,45576,371310
15955,45577,337336
15957,45587,400973
15961,45556,358612
15962,45618,400099
15964,45613,402117
15966,41224,381536
15967,44067,381536
15969,45560,402475
15975,45653,402337
15976,45665,400033
15980,45783,409307
15981,45782,396733
15982,45961,408477
15983,42653,395400
15987,46093,395198
15988,46095,397774
15989,46102,397208
15990,46431,267435
15993,46352,399990
15994,46381,340263
15995,48862,400398
15996,46422,402644
15997,46420,284131
15998,46471,397197
16000,46488,402642
16006,46604,401231
16007,44235,395483
16008,46650,392944
16009,46652,325374
16010,46654,337336
16012,46569,402474
16016,,364542
16018,46985,402636
16026,47158,404174
16027,47160,350166
16028,47159,400961
16029,47161,402374
16030,47163,402637
16031,47162,402640
16032,47164,289882
16033,47194,407306
16035,47250,398103
16036,47257,398555
16038,47391,397907
16041,44196,396395
16048,,397617
16053,47639,399467
16054,47778,348545
16055,47790,398193
16056,47398,348545
16057,47792,410768
16063,47917,413522
16069,48239,402831
16071,48252,402124
16073,48316,407520
16077,48365,275582
16078,48363,407519
16081,48375,278329
16084,48391,400887
16090,48406,400584
16092,48411,79839
16100,48415,402652
16101,48417,375927
16102,48418,375927
16103,48414,398387
16104,48413,267441
16111,42519,359095
16112,48441,412573
16113,48438,411635
16126,48455,339076
16128,48466,402227
16129,48470,402093
16130,48471,401855
16132,48483,399121
16133,48486,358138
16135,48492,399222
16137,48488,385002
16138,48491,264523
16141,48505,384485
16163,48542,401950
16164,50612,355774
16165,48548,355966
16166,48553,400090
16168,48556,405661
16169,48561,377543
16171,48567,400032
16172,48569,378609
16174,48580,400133
16177,48583,267440
16179,44412,337284
16182,48633,401619
16183,48643,401902
16184,48644,401906
16185,48641,402180
16186,48649,400674
16187,48661,262954
16188,48675,400585
16190,48680,401876
16196,48702,402125
16200,48707,391005
16249,48742,401935
16250,48736,401233
16253,43729,353090
16256,48753,401911
16258,,348545
16259,,348545
16261,48761,401915
16262,48760,401279
16264,48775,411329
16265,48776,401918
16266,48777,401918
16267,48759,396393
16270,48779,409329
16274,48804,329820
16278,48820,219181
16280,48842,401920
16282,48849,401948
16285,48858,402127
16286,48857,402038
16290,44074,402033
16296,48895,294002
16297,48896,294002
16300,48926,402412
16310,48916,388317
16312,44068,384641
16320,48981,402893
16325,48997,405227
16350,49040,71863
16356,44406,413480
16358,49052,407840
16359,44069,376751
16363,49110,271591
16364,49109,380477
16367,49114,400133
16370,49123,349497
16373,49154,404525
16376,49160,412391
16377,49163,404716
16380,47410,70900
16383,49210,429983
16384,49211,404917
16385,,412880
16389,49220,405214
16390,49263,398106
16392,49233,315500
16393,49236,315500
16399,49285,410877
16403,49292,407682
16404,49291,370931
16407,49304,418279
16412,49316,272129
16417,49338,414312
16419,49342,405904
16420,49357,393190
16421,49361,357492
16424,49376,417570
16425,49385,411002
16426,49387,359274
16436,49275,415023
16441,49438,406592
16443,49469,361013
16445,49457,371437
16446,51958,420657
16457,49470,415240
16490,48941,328670
16494,49505,407575
16497,49514,407694
16502,49515,407850
16503,49519,407862
16505,49520,407833
16507,49521,272316
16508,49522,392988
16511,40885,408325
16512,49533,407998
16519,49596,408629
16525,49551,418740
16527,49556,408348
16531,49413,402033
16533,49590,140751
16536,49605,408734
16537,49613,415440
16538,49612,415188
16539,41515,370925
16540,49618,393810
16543,,424562
16553,49664,409185
16559,49721,337936
16560,49722,337936
16563,49691,409256
16564,49692,409264
16573,49709,375271
16579,49572,328670
16588,49766,409650
16589,49559,326270
16592,49587,380207
16595,44408,423688
16599,49730,409490
16600,49733,385542
16601,49738,409529
16602,49518,79840
16611,49776,409723
16614,49778,442540
16615,49780,414669
16616,44097,310311
16617,48694,310311
16618,40434,341295
16627,49784,369144
16629,49782,396876
16637,49785,410031
16664,49793,367277
16681,49819,400398
16700,49828,418364
16705,49831,410063
16708,53432,419975
16719,49915,313488
16720,42956,379528
16727,49842,371437
16732,49849,410147
16734,49854,318271
16755,49858,398555
16776,49877,352408
16785,49891,410378
16786,49889,390832
16792,49894,410425
16793,49918,305074
16794,50862,414907
16795,49909,410466
16796,49942,413474
16803,49926,348545
16804,49930,389422
16808,49939,415656
16825,49969,410760
16826,49979,411821
16827,49980,415138
16828,49981,387027
16841,50010,416846
16842,50012,416843
16843,44064,411106
16848,50021,411004
16855,50060,378522
16863,51805,343237
16878,50099,254899
16908,50139,411393
16912,50160,259635
16915,50172,307375
16917,50175,411625
16920,50185,411665
16921,50184,412076
16926,50197,385278
16927,50203,400512
16928,50204,411770
16931,50205,411800
16934,,416764
16936,50220,411893
16937,50221,411850
16940,50248,411914
16943,50250,415509
16947,50265,405920
16948,50273,412031
16950,50267,413411
16951,50275,259640
16953,50281,414107
16954,50284,412048
16956,50287,400015
16961,50307,385077
16962,50306,398544
16963,,284131
16965,50330,305075
16966,50338,412312
16967,50339,412354
16970,50380,412580
16971,50346,412374
16973,50348,379923
16976,50384,412626
16980,50379,412579
16981,50416,412696
16982,50392,412656
16983,50410,81797
16984,50421,412843
16986,49847,358828
16999,,424562
17001,50425,412806
17003,50438,360553
17005,50461,412826
17006,50470,412857
17014,50418,413122
17015,50481,412957
17023,50528,338455
17024,50552,272309
17027,50559,402182
17030,50582,413333
17031,50583,413335
17034,50586,413466
17038,50590,413515
17053,48549,355774
17056,50598,346744
17057,50599,271591
17061,50602,405920
17062,50607,413549
17063,50606,413542
17064,50608,393478
17065,50613,413578
17072,50631,402412
17073,50638,402231
17075,50652,422405
17076,50653,397208
17077,50672,404886
17078,50664,401915
17079,50663,339278
17089,50685,411329
17090,50689,415428
17091,50678,402227
17093,49571,392226
17094,50695,414207
17095,51191,313488
17096,50710,414096
17097,50709,414057
17098,50713,278329
17101,50604,419405
17108,50739,414221
17110,50738,389377
17118,50760,416684
17122,50401,379528
17125,50404,376751
17127,50789,418499
17131,50796,414562
17134,50803,388737
17140,50854,414845
17143,50864,414908
17146,50869,414947
17147,50871,414965
17150,50891,415061
17151,50673,415119
17156,50917,415280
17157,50923,415310
17159,50932,415378
17172,50985,415454
17175,,415677
17178,50955,415681
17183,50002,388645
17189,50999,416145
17196,51009,377543
17198,51019,348545
17199,51020,416359
17203,,424563
17204,51064,416588
17207,51092,416802
17208,51096,329822
17211,51098,416902
17212,51225,344220
17214,51105,416998
17220,51119,447951
17221,51122,417147
17222,51128,417165
17226,51145,419457
17236,51179,371310
17237,51180,329822
17240,51218,320002
17244,51212,417674
17245,51213,417658
17246,51215,397831
17248,51219,417675
17255,51251,386713
17256,51252,415821
17260,51265,418185
17262,51293,423563
17263,51297,417983
17264,51304,78878
17265,51305,78878
17266,51306,420753
17271,51318,406152
17274,51369,354179
17275,51368,402475
17277,51381,418203
17278,51371,418183
17281,,79840
17282,51403,418218
17283,51415,427872
17284,51417,418265
17285,51464,418376
17286,51367,262954
17288,51458,418340
17289,51461,418368
17290,51462,418367
17294,51498,318860
17295,51495,402636
17300,51533,385077
17301,51536,424278
17303,51535,267440
17304,51552,418665
17305,51553,418666
17312,51586,386713
17314,51614,418904
17317,51632,329992
17320,51648,419112
17322,51653,356041
17327,51673,383837
17328,51678,419278
17330,51680,419283
17336,51692,419448
17337,51693,419126
17339,51705,419490
17340,51706,419500
17341,51711,419502
17351,51761,344220
17353,51764,419854
17355,51794,420018
17356,51781,305074
17360,51815,420084
17361,52573,250070
17362,51817,420120
17420,51818,355480
17421,51837,420225
17422,,420279
17423,51916,420550
17424,51636,420639
17425,50571,420393
17427,51923,420549
17428,51940,420682
17430,51956,420663
17431,49458,303867
17433,51986,395483
17438,51989,420867
17441,51995,289884
17443,52020,420982
17444,52046,421092
17446,52031,421061
17449,52034,421069
17450,52045,402180
17458,52080,427822
17460,52081,421273
17461,52082,421283
17464,52093,421378
17466,52107,80470
17471,52092,421452
17473,52173,421514
17475,52193,421676
17476,52196,264663
17477,52198,354198
17478,52211,421737
17479,52214,421776
17480,52215,421583
17481,52229,411914
17484,52273,351487
17488,52274,421893
17493,52293,188551
17494,52305,421994
17495,52299,389597
17498,52308,422039
17501,52347,421855
17504,52359,422186
17507,52367,422250
17511,51203,358828
17513,52381,422345
17514,52405,422432
17517,52446,422564
17523,52461,422675
17527,52480,397197
17529,52481,422721
17530,52482,422728
17535,50537,381536
17536,52505,422090
17547,52578,422981
17550,52588,423075
17552,52608,423094
17553,52611,423096
17556,52614,360761
17557,52619,423121
17559,,376729
17560,52657,432080
17564,52701,423257
17565,52709,423264
17566,,423395
17569,52736,423362
17570,52742,278157
17573,52747,262090
17575,52816,423601
17576,52807,293088
17578,51347,418001
17579,52826,352796
17580,52830,423653
17583,52865,423787
17586,52741,423030
17592,52934,424116
17599,52955,316842
17608,52962,424368
17611,52969,424414
17612,52973,424435
17614,52985,424530
17615,52995,357019
17616,52990,424535
17617,52991,424536
17626,53026,424779
17627,53033,437206
17628,53040,395486
17629,53050,380654
17630,53065,401233
17632,53077,425478
17633,53097,397280
17634,53109,71863
17635,53128,425244
17636,53127,436779
17637,53126,423413
17639,53132,426861
17640,53129,345596
17642,53150,425299
17643,53148,391005
17644,53162,372939
17645,53163,425341
17646,53179,425368
17648,53199,418364
17649,53200,267441
17651,53213,425520
17652,53111,289882
17655,53223,259635
17657,53012,423154
17658,53237,425474
17662,53263,425756
17663,53262,425760
17664,53273,262954
17665,53287,400512
17666,53300,424459
17667,53356,426018
17670,53379,426080
17671,53393,426165
17672,53397,426199
17673,53407,426262
17674,53411,426294
17676,53410,330692
17679,53414,426355
17682,53421,426410
17685,53428,426440
17686,53434,426488
17687,53439,426530
17688,53438,426528
17689,53446,426572
17693,53488,400573
17694,53447,459453
17695,53494,426703
17700,53512,426815
17702,53516,426834
17703,53770,428030
17706,53526,344220
17709,53580,352408
17711,53587,427027
17712,53590,427066
17713,51139,427074
17719,53613,427239
17720,53621,427276
17723,53626,427299
17725,53633,427359
17726,53632,427358
17732,53671,388317
17734,53680,428539
17739,53698,427708
17742,53716,427819
17743,53720,427818
17744,53722,427813
17745,53723,427831
17749,53730,427883
17751,53732,468660
17752,53748,351487
17754,53762,434715
17758,53787,428108
17759,53149,425285
17760,53802,428168
17765,53998,74796
17766,53833,428350
17767,53835,428352
17771,53848,428394
17773,53865,424019
17777,53876,76703
17780,53874,428456
17781,53881,411800
17783,53879,427919
17784,53887,405920
17785,53888,405920
17786,53889,248035
17788,53912,428654
17789,53913,410378
17791,53924,368364
17792,54013,429673
17796,54000,412826
17800,50429,432849
17801,54028,429452
17802,54041,429055
17805,54103,429263
17806,54112,429310
17812,54141,415677
17814,54198,419448
17815,54199,429536
17819,54233,429626
17820,54234,429634
17821,57995,381536
17822,,469571
17825,54259,429895
17826,54265,429825
17827,54275,429896
17828,54284,429950
17832,54294,429985
17833,54301,429994
17834,54309,430095
17846,54362,430544
17852,54029,358612
17860,54431,430925
17861,54829,414096
17862,54870,345596
17864,54440,414057
17866,54449,431014
17867,54535,431237
17870,54492,431162
17871,54495,438161
17873,54565,352408
17877,54595,407520
17878,54616,431495
17879,54617,431499
17883,54633,431703
17884,54632,431705
17887,54638,431804
17904,54703,375271
17906,54714,432050
17907,54716,432720
17908,54717,304476
17909,54724,432455
17910,54722,432449
17911,54726,432476
17912,54738,372939
17913,54730,432505
17914,54744,432531
17915,54743,427239
17916,54754,402607
17918,54758,432624
17919,54757,465543
17920,54760,432613
17924,54790,432748
17925,54798,432749
17926,54794,432747
17928,54792,437919
17930,54803,339203
17931,54789,305074
17936,54835,432805
17937,54837,432806
17938,54839,432808
17939,54842,415138
17943,54853,432847
17944,54852,432815
17945,54855,432845
17946,54856,436124
17947,54857,305089
17948,54859,432838
17950,54858,373275
17953,54863,421378
17954,54865,408629
17955,54866,408629
17957,54869,404525
17958,54883,412626
17959,54902,434783
17962,54898,305075
17963,54900,433088
17965,54913,433155
17966,54914,433251
17968,54915,355966
17969,54918,393478
17979,54947,415821
17981,54959,433560
17982,54968,433527
17984,55887,433584
17994,55071,432632
17998,55102,434127
17999,55129,433034
18000,54846,433634
18013,55150,434310
18015,55153,434312
18019,55194,434358
18020,55166,271591
18026,55265,434704
18029,55310,434982
18030,55318,433953
18040,55358,435158
18043,55397,435253
18046,55514,435343
18048,55528,435466
18054,55570,254899
18058,55597,435815
18060,55636,436033
18062,55651,385077
18064,55644,355774
18065,55689,436237
18066,55690,422981
18067,55701,348545
18073,55727,436374
18074,55717,436378
18076,55742,316842
18080,55749,424435
18081,55772,338455
18082,55774,436603
18083,55775,427074
18086,55791,421069
18088,55813,421737
18089,55823,82788
18090,55825,402474
18093,55830,436779
18095,55842,436827
18096,55845,436837
18097,55844,436836
18098,55848,436846
18100,55855,83996
18101,55866,436899
18103,55877,436947
18104,55888,371310
18105,55894,437008
18108,55911,436948
18113,55970,427818
18114,55973,441567
18115,55996,437209
18116,55994,335815
18117,55995,436400
18118,55997,437234
18119,55998,437236
18124,56009,437266
18127,53859,380207
18130,56038,437408
18132,56285,420280
18133,56062,437517
18134,56063,416998
18141,56135,426861
18145,56165,437896
18147,56189,438005
18148,56179,437981
18150,56196,305074
18152,56218,438096
18153,56230,438124
18154,56228,438125
18156,56242,438151
18159,55692,379282
18162,56348,438420
18164,56352,435005
18165,,435644
18167,56400,361709
18170,56420,438680
18171,56425,438685
18172,56449,438812
18177,56487,438986
18179,56538,117801
18181,56566,435020
18188,56613,392491
18190,56646,465216
18192,57012,439507
18193,56647,439531
18194,56653,439765
18195,56662,439592
18196,56671,389459
18199,56685,305074
18201,56690,439755
18202,56691,439759
18203,56693,439785
18204,56700,423121
18205,56701,418665
18206,56731,424779
18209,56734,440057
18210,56736,476185
18211,56735,467401
18213,56738,398555
18216,56768,440215
18217,53450,376751
18218,50399,388672
18220,56784,74796
18225,56838,440450
18227,56840,440451
18228,56843,440461
18229,56845,440481
18232,56854,440502
18234,56877,418904
18235,56876,414221
18238,56894,440820
18241,56906,423653
18242,56907,440861
18247,56923,440897
18248,54142,245821
18249,56964,441190
18253,56980,441260
18257,57025,426572
18258,58779,412843
18260,57031,441563
18264,57050,441682
18266,57058,441727
18267,57066,289882
18270,57100,442045
18271,57099,442054
18272,57102,438685
18275,59390,442145
18277,57160,442215
18278,57181,429934
18279,57034,294002
18280,57184,376144
18281,57189,465978
18282,57217,442367
18283,,433113
18288,57315,442690
18289,57325,443733
18290,57334,432832
18291,57362,442797
18292,57360,442767
18294,57390,442938
18295,57380,442839
18297,57391,442878
18300,57433,345596
18302,57466,366263
18303,,442084
18305,57487,443124
18312,57502,443181
18315,57517,443345
18317,57524,443377
18321,57533,443404
18323,57554,413578
18324,57555,397934
18327,57559,414207
18328,57562,426432
18329,57567,425474
18334,56967,432749
18336,57592,355774
18343,57616,432050
18344,57611,443726
18347,57623,425478
18350,57635,427919
18354,57798,444577
18358,57646,443862
18359,57647,344220
18361,57648,443904
18363,57658,377543
18366,57719,443906
18391,51898,413480
18397,57779,370761
18402,57180,271591
18404,57796,444559
18405,57810,444609
18406,57827,444740
18407,57820,444728
18408,51859,444729
18409,57699,444655
18412,57845,444726
18422,57859,444810
18424,57864,102261
18427,57876,444916
18432,57891,445009
18437,57888,444999
18438,57892,445011
18439,57907,353712
18451,57944,445252
18452,57946,445261
18453,57945,445253
18454,57947,445256
18459,57969,445390
18475,58006,446660
18482,58059,445829
18484,58066,445890
18490,58080,445964
18491,58082,445965
18492,58447,446097
18496,58131,446141
18497,58146,446238
18498,58172,446389
18499,58216,446485
18501,58197,446480
18504,58199,419448
18506,58259,446692
18516,58271,446877
18517,58265,446838
18518,58272,446876
18521,58275,446908
18523,58302,432624
18527,58357,447240
18528,58359,447246
18531,58390,412374
18532,58395,447354
18534,58426,447450
18536,58437,447573
18537,58445,447609
18541,58473,447749
18542,58484,431014
18543,58488,438151
18545,55889,418665
18546,58492,447925
18547,58502,447955
18548,58505,412656
18555,58506,439507
18558,58511,420018
18559,58515,429825
18561,58516,248035
18562,58514,431162
18563,58518,422728
18566,58524,436603
18576,58567,389597
18578,58572,421855
18581,58600,448477
18583,58614,448537
18592,58714,449245
18596,58725,449306
18599,57152,449966
18600,58739,449407
18602,58749,411800
18603,58755,355966
18607,58772,339922
18610,58788,449723
18612,58812,449857
18615,58811,449843
18618,58820,449883
18620,58822,449884
18621,58833,449914
18622,58832,449913
18627,58853,449988
18628,58854,449989
18633,57822,450707
18636,58861,450072
18638,58877,273005
18643,58878,450228
18646,58886,450282
18649,58913,450428
18652,58929,450475
18653,58934,421737
18654,58939,423732
18660,58957,450624
18663,58143,433634
18670,58883,418123
18673,58996,300989
18675,59002,450933
18676,59005,450941
18677,59027,405920
18681,59047,451101
18683,59055,451128
18686,59062,450537
18687,59068,423257
18689,59070,451195
18690,59078,451206
18694,59095,426834
18696,59113,451433
18697,57371,443791
18699,59192,348545
18700,59145,451479
18702,59130,451504
18707,59131,434704
18708,59135,451527
18709,59136,451531
18712,59144,451596
18713,59142,428352
18715,57924,445259
18716,59161,451679
18718,59160,433088
18719,59169,451682
18721,59175,434358
18722,59177,423075
18725,59189,428030
18727,59193,371310
18728,59199,451767
18730,59205,451793
18731,59207,451821
18735,59226,248035
18739,59228,83996
18742,59229,355480
18750,59265,452091
18751,59267,452103
18753,59277,380654
18754,59010,271591
18760,59322,452300
18767,59342,452421
18768,59349,452426
18769,59360,452456
18770,59361,452466
18772,59393,452575
18773,59402,400585
18777,59415,452665
18781,59421,452712
18782,59424,452713
18786,59425,452741
18789,59435,423030
18791,59443,452801
18793,59452,452710
18794,59457,452826
18795,59459,452832
18798,59466,407833
18802,55710,436336
18803,59484,452926
18805,59497,443124
18807,59391,379282
18809,59514,453022
18811,59517,453057
18814,56461,438953
18815,59551,453319
18816,59597,453127
18818,59561,453353
18823,59623,453600
18824,59619,453585
18827,59632,453647
18829,59636,453673
18831,59644,453694
18838,59675,453846
18839,59689,453883
18844,59708,329822
18845,59711,453992
18852,59730,454085
18854,59741,453028
18855,59744,454132
18856,59745,454149
18858,59787,470269
18859,59791,454330
18862,59819,427299
18864,59828,444609
18865,59833,303867
18866,59848,454529
18867,59845,454524
18868,59846,454525
18869,59853,454526
18872,59873,432531
18874,59898,454726
18875,59914,432505
18879,59935,454822
18884,59970,352408
18886,59978,424536
18889,59983,445829
18892,59986,343913
18894,60009,455062
18898,60028,455164
18900,60055,424019
18901,60058,421069
18903,60059,432455
18913,59892,454700
18914,60071,455309
18917,60083,455388
18921,60098,305074
18929,60131,455604
18930,60130,455605
18931,60140,455638
18934,58531,404525
18935,60146,455684
18936,60153,472971
18937,60152,455708
18938,60151,455709
18939,60154,455710
18940,60157,455711
18941,60162,455754
18942,60168,455749
18956,60223,456159
18967,60255,456392
18971,60254,453230
18973,60260,456463
18978,35121,456511
18984,60285,423732
18985,60293,456678
18986,60294,447240
18988,60301,456731
18989,60303,456730
18990,60315,456740
18995,60310,369144
18996,60316,456807
19001,60326,456835
19002,60334,456902
19004,60347,456934
19010,60371,457078
19011,60377,457099
19013,60378,457106
19015,60395,457201
19018,60401,457250
19019,60407,457325
19022,60427,457372
19024,60444,457471
19027,60449,457473
19029,60460,457532
19038,60489,457645
19042,60505,457734
19045,60508,457765
19046,60509,457766
19047,60510,428168
19049,60506,457737
19050,54144,245821
19053,60522,401279
19054,60523,457843
19056,60531,452709
19058,60534,457929
19060,60543,432832
19063,60552,442767
19064,60549,458008
19067,60564,451479
19069,60593,458058
19071,60602,414207
19072,60603,443345
19075,60619,446389
19077,60697,458232
19078,56752,402033
19079,60636,74796
19080,60637,458309
19083,60658,458369
19084,60665,458406
19086,60410,271591
19087,60692,458508
19093,60714,458625
19095,60726,458692
19097,60732,456435
19099,60739,458778
19107,60765,458960
19116,60781,459058
19131,60810,459339
19139,60852,459627
19141,60933,466129
19142,60948,459942
19143,60951,459970
19145,60969,460096
19158,61013,460313
19159,61014,460309
19160,61015,460310
19162,61026,460341
19167,61035,460416
19172,61048,460501
19176,61072,460608
19177,61067,460607
19178,61073,460616
19181,61084,460693
19188,,468079
19189,61126,460899
19190,61128,460903
19192,61135,460935
19194,61140,460979
19196,61142,460974
19197,60947,459332
19200,61150,461053
19201,61153,461059
19202,61159,461118
19203,61169,461194
19204,61174,461265
19205,61092,445261
19206,61186,461374
19207,61184,461372
19209,61196,461423
19210,61211,461472
19212,61200,393810
19214,59176,461457
19217,61207,461466
19218,61209,461467
19219,61217,461513
19226,61240,461544
19230,61269,461683
19231,61276,461708
19232,61280,461714
19237,61301,461832
19242,61316,305089
19248,61322,355774
19249,61323,429934
19250,61325,446692
19258,61333,439531
19260,61335,433953
19262,61339,368364
19265,61293,461883
19266,61359,462226
19268,60535,457902
19277,61425,462400
19282,61206,461487
19283,61443,462446
19286,61461,462478
19287,61469,262954
19290,61483,462561
19293,61501,462598
19295,61517,259635
19298,61549,462789
19308,61578,463051
19310,61587,463013
19321,61608,452421
19324,61637,463334
19325,61663,463481
19327,61686,463578
19328,61687,463583
19330,,463638
19356,61107,469213
19357,49818,464419
19358,61756,464221
19359,61754,464219
19360,61758,464220
19369,61773,440965
19373,61782,464460
19378,61814,464625
19380,61830,464693
19381,61831,455684
19382,61839,464717
19385,61851,357471
19397,,464933
19398,61884,464963
19399,61886,464977
19400,61897,452710
19402,61903,354198
19415,61917,465214
19419,61930,453673
19420,61931,426528
19423,61942,458058
19426,61793,271591
19435,61274,465427
19440,61983,465505
19442,59961,454916
19444,61987,431162
19448,61999,465542
19449,,361013
19451,62001,452711
19452,62002,465565
19455,62018,465639
19457,62024,465675
19462,62031,465707
19466,62066,465794
19469,62048,465787
19472,62050,465799
19473,62051,465802
19477,62068,465925
19479,62076,465973
19480,59662,423688
19484,,465987
19485,62080,465988
19491,62100,470384
19492,62102,466092
19501,62126,466237
19506,62146,418367
19507,60226,456099
19508,62155,350301
19512,62000,465498
19513,62164,466488
19516,62171,466524
19518,62496,468366
19519,62187,466552
19526,62238,467064
19530,62289,467005
19531,62311,467053
19532,62312,466791
19534,62322,467127
19538,62331,467209
19541,62342,467292
19546,62391,467414
19548,62378,467450
19557,62405,467641
19559,58953,431703
19564,62432,467839
19565,62521,467330
19566,62430,467841
19568,62268,466889
19569,62435,467882
19573,62476,468049
19574,62483,468077
19579,62503,468186
19580,62512,423121
19581,62513,451793
19583,57353,468582
19586,62524,468324
19587,62485,380654
19588,61254,459743
19594,62535,468399
19600,62542,343913
19614,62568,355774
19619,62428,468580
19625,62601,468734
19627,62605,468758
19628,62604,468761
19629,62606,468759
19631,62613,468760
19632,62615,468785
19633,62144,466376
19635,62617,468809
19637,62005,471395
19646,62683,469143
19649,62696,469167
19650,62753,469231
19657,62804,469342
19661,62808,469352
19663,,432050
19666,62643,468513
19667,62825,469451
19671,,431162
19674,62852,469599
19675,59835,456679
19690,,470406
19691,60560,376751
19694,,470050
19698,62883,392195
19699,62893,469985
19705,62907,470200
19713,62913,470270
19716,,474881
19718,62931,470381
19719,62932,470401
19720,62936,470520
19722,62964,470519
19725,63106,466523
19726,62978,470611
19728,62981,470659
19730,62983,471300
19731,62989,470719
19736,63014,470864
19741,63016,470953
19742,63042,470961
19743,63019,470980
19744,61943,471000
19751,,471128
19752,,471848
19754,63053,471316
19755,63061,471296
19757,,471756
19760,,471495
19764,63082,471497
19765,63098,471609
19767,61258,463805
19768,63100,471657
19773,63135,471828
19782,,471878
19791,63174,471946
19798,63188,472095
19808,62246,313488
19809,,469053
19810,63256,472341
19815,,472490
19816,,464693
19821,62864,474202
19822,63292,472640
19823,63293,472641
19825,63087,271591
19828,63325,472690
19831,,472764
19837,63324,472831
19838,,452039
19839,63350,472832
19846,,123456
19847,63337,472962
19849,63347,473018
19850,63352,474655
19856,,473182
19858,,473125
19859,,473154
19861,63375,473228
19862,63376,473229
19865,63382,473266
19871,63396,473516
19873,,473423
19876,,473460
19877,63418,473563
19878,63419,473560
19879,63310,473930
19880,63424,473648
19881,,473642
19889,63468,473913
19891,63472,473945
19894,63489,474027
19896,63508,474303
19901,,471791
19907,,474488
19908,63509,474294
19909,,474490
19912,63572,474691
19932,63709,476071
19933,63697,475261
19942,63712,475306
19944,63713,475350
19951,63818,475488
19952,63751,475617
19953,,475628
19954,,475631
19955,63754,475634
19957,63764,475739
19961,63780,450072
19967,,461472
19969,63794,421069
19972,,451479
19975,63824,377543
19977,,424536
19978,,457532
19981,63476,473974
19983,,457078
19993,,453992
20009,,476805
20010,63958,476804
20020,63998,477053
20022,64006,477112
20027,64058,457476
20029,,477349
20035,64084,477424
20039,63130,305074
20060,64235,478148
20063,64253,478263
20074,64326,478668
20084,64354,478865
20086,64374,479020
20091,,479132
20114,64428,479426
20117,,466488
20121,,479566
20128,64468,479657
20136,,380654
20167,,440897
